action_id,timestamp,gyro_x,gyro_y,gyro_z,accel_x,accel_y,accel_z,action_label
1,12365,0.052,0.138,0.3592,-1.585,12.6198,-2.2817,straight
1,12388,-0.1463,-0.3259,0.2843,-0.9984,12.2128,-0.4046,straight
1,12411,-0.1644,-0.3357,0.1548,0.2753,10.7667,0.419,straight
1,12435,-0.0831,-0.4421,0.0666,1.2139,9.9216,0.5387,straight
1,12458,0.5305,-0.3517,0.0397,0.431,9.0812,-0.7183,straight
1,12481,0.3786,-0.1825,-0.016,-1.5155,8.4898,-3.4309,straight
1,12504,0.1148,-0.2649,-0.0538,-0.6512,8.6981,-2.387,straight
1,12527,0.1966,-0.2862,-0.0384,-0.2155,9.912,-1.6664,straight
1,12550,0.3067,-0.2041,0.0253,0.1844,9.517,-2.5881,straight
1,12574,0.0783,-0.1857,0.0885,0.5435,8.6574,-3.1436,straight
1,12597,-0.2201,-0.0802,0.0991,0.9074,8.1283,-2.3894,straight
1,12620,-0.2025,-0.3571,0.129,-0.0646,7.5106,-1.4293,straight
2,20801,-0.1895,0.0429,0.1178,-1.391,9.8138,-2.9401,straight
2,20824,0.052,-0.0994,0.2009,-1.3862,9.5193,-3.5626,straight
2,20848,0.214,-0.1895,0.2084,-1.2737,9.9503,-3.6296,straight
2,20871,0.3507,-0.0605,0.1138,-1.4772,11.4084,-2.9233,straight
2,20894,0.2635,-0.0272,0.0773,-1.664,13.0795,-2.1356,straight
2,20917,0.1388,0.1119,0.0501,-0.2251,12.3996,-1.3001,straight
2,20940,0.0679,0.1191,0.0069,0.4429,10.1538,-1.5227,straight
2,20963,-0.1143,-0.105,-0.0485,-0.2346,8.5617,-1.9465,straight
2,20986,-0.2022,-0.2654,-0.0823,-0.6967,7.2903,-1.5993,straight
2,21009,-0.0187,-0.162,-0.0711,-1.0918,6.9767,-1.3168,straight
2,21032,0.2017,-0.0354,-0.0456,-0.3711,8.2744,-1.5826,straight
2,21055,0.1548,-0.0346,-0.0077,0.079,9.8617,-2.0111,straight
3,24952,0.0522,-0.2185,0.0783,0.2801,7.5274,-2.2913,straight
3,24975,0.3285,-0.0173,-0.0091,-0.6871,7.2233,-2.7916,straight
3,24998,0.4914,-0.0101,-0.0421,-1.6305,8.2983,-2.6767,straight
3,25021,0.3421,-0.0469,-0.0669,-0.51,10.8194,-2.806,straight
3,25044,-0.126,-0.1127,-0.0552,0.7901,11.983,-2.5115,straight
3,25067,-0.2923,-0.1695,0.0203,0.486,10.7955,-1.9968,straight
3,25090,-0.1263,-0.1737,0.0903,0.2682,9.177,-3.0622,straight
3,25113,-0.061,-0.1314,0.0837,-0.1173,8.2049,-3.7876,straight
3,25136,-0.0818,-0.0197,0.052,-0.3232,8.0996,-3.304,straight
3,25159,-0.0677,-0.0237,0.0466,-0.2634,8.7819,-2.9664,straight
3,25182,-0.0674,-0.0957,0.0735,-0.1365,9.2751,-2.9856,straight
3,25205,-0.166,-0.1159,0.0994,0.4453,9.4284,-2.8754,straight
4,27757,0.1327,0.2161,-0.1599,1.4461,9.2249,-3.7445,straight
4,27780,0.2534,0.2803,-0.1988,0.7518,9.7276,-2.8299,straight
4,27803,0.2214,0.3328,-0.2222,-0.2274,9.7707,-2.1883,straight
4,27826,0.1263,0.2936,-0.2068,-0.826,9.6965,-2.2194,straight
4,27849,0.215,0.2422,-0.1974,-0.3567,9.3182,-2.7869,straight
4,27872,0.1743,0.2284,-0.2851,0.5866,9.6103,-3.1173,straight
4,27895,0.1148,0.1783,-0.3627,0.6009,10.9678,-2.7821,straight
4,27918,0.0802,0.226,-0.3669,-0.8811,13.6517,-2.7078,straight
4,27941,-0.0458,0.2505,-0.2598,-3.0526,14.9709,-1.6879,straight
4,27964,-0.0384,0.2984,-0.0906,-3.486,11.1785,-0.2035,straight
4,27987,0.2931,0.3978,0.0829,-2.1668,8.1235,-1.2163,straight
4,28011,0.1364,0.2779,0.0799,-1.4006,7.1228,-2.1859,straight
5,32269,-0.0203,0.0759,-0.0333,-1.233,8.3582,-1.7023,straight
5,32293,0.0035,-0.004,-0.0136,-0.6967,10.2113,-1.5562,straight
5,32316,0.0413,-0.0453,-0.0091,-0.3998,11.7962,-2.1931,straight
5,32340,0.0802,-0.1202,0.0234,-0.2801,10.9271,-2.1069,straight
5,32363,0.0866,-0.0525,0.0727,-0.328,9.1913,-2.6887,straight
5,32386,-0.0671,0.0525,0.0762,-0.3639,8.3031,-2.8946,straight
5,32409,-0.1295,0.0426,0.0541,-0.5794,7.8841,-2.4876,straight
5,32432,-0.0141,-0.0109,0.0658,-1.0534,7.7979,-2.8683,straight
5,32455,-0.04,-0.0357,0.0717,-0.6895,8.4204,-2.6552,straight
5,32478,-0.1817,-0.1021,0.081,-0.0407,9.0884,-2.1835,straight
5,32501,-0.2742,-0.0821,0.0751,0.5555,8.9423,-2.0973,straight
5,32524,-0.1993,-0.033,0.0634,0.7661,8.2121,-2.0159,straight
6,34046,-0.146,-0.0568,0.149,1.4748,9.9359,-3.7733,straight
6,34069,-0.3421,-0.0426,0.1116,-0.2083,9.4882,-2.7414,straight
6,34092,-0.1708,0.0666,0.0991,-0.9816,8.7221,-1.6712,straight
6,34115,0.114,0.3781,0.097,-0.9744,7.5609,-2.7869,straight
6,34138,0.0285,0.4642,0.0437,-0.656,7.3263,-2.3894,straight
6,34161,0.044,0.4138,-0.0109,-0.5842,8.1977,-2.0853,straight
6,34184,0.0773,0.2491,-0.0336,-1.3408,8.6933,-2.5546,straight
6,34207,0.025,0.1268,-0.0272,-1.719,8.7221,-2.7797,straight
6,34230,-0.0373,-0.0381,-0.0024,-1.5826,8.3438,-2.3296,straight
6,34253,-0.0557,-0.1761,0.0304,-1.6305,8.0086,-2.1691,straight
6,34276,0.0109,-0.2705,0.0781,-1.7071,8.1451,-2.3176,straight
6,34299,0.1431,-0.2817,0.0999,-1.5826,8.5928,-2.7174,straight
7,38068,0.0874,0.0141,0.053,1.7214,9.5385,-1.1756,straight
7,38091,0.0887,-0.2803,0.0013,0.4022,8.6598,-0.984,straight
7,38114,0.0821,-0.381,-0.0189,-1.2019,8.6048,-0.9649,straight
7,38137,0.138,-0.5369,0.0293,-2.0925,8.7197,-1.1157,straight
7,38160,0.3176,-0.4112,0.0512,-0.9936,9.2464,-2.2362,straight
7,38183,0.0131,-0.4546,0.0181,0.2251,10.7308,-2.8898,straight
7,38206,-0.114,-0.3315,0.0384,0.8332,10.1825,-2.2051,straight
7,38229,-0.0365,-0.2062,0.0677,0.8739,9.323,-2.5809,straight
7,38252,-0.0245,-0.2441,0.0496,0.1556,8.509,-3.2729,straight
7,38276,0.016,-0.3312,0.0405,-0.5626,8.1307,-3.2513,straight
7,38299,-0.0826,-0.3251,0.0517,-0.5028,8.4827,-2.9113,straight
7,38322,-0.1871,-0.2995,0.0746,0.1173,8.8131,-2.739,straight
8,39612,0.2715,0.3568,-0.0775,2.2027,8.7197,-3.8331,straight
8,39635,0.1977,0.2667,-0.1338,0.9433,10.0437,-3.8403,straight
8,39658,0.1388,0.0083,-0.1367,-0.9744,11.2384,-2.4924,straight
8,39681,0.1116,-0.0053,-0.109,-2.909,11.0564,-1.5658,straight
8,39704,0.2478,0.122,-0.0735,-0.6895,10.1801,-2.1021,straight
8,39727,0.2225,0.23,-0.1503,1.9154,10.9032,-3.6009,straight
8,39750,0.1911,-0.0187,-0.2169,0.1963,12.9909,-3.541,straight
8,39773,-0.0037,0.1159,-0.1745,-3.5793,14.1593,-1.5778,straight
8,39796,-0.1748,-0.0418,0.0064,-4.1803,10.5105,0.2682,straight
8,39819,0.2574,0.1892,0.1575,-2.4301,7.7859,0.0551,straight
8,39842,0.3928,0.1162,0.1567,-0.759,7.762,-1.2665,straight
8,39865,-0.1026,-0.1444,0.093,-0.6105,8.8897,-3.055,straight
9,41401,-0.0261,-0.0029,0.1175,-1.0846,11.2216,-3.0382,straight
9,41424,-0.1247,-0.0794,0.203,-1.1636,10.8888,-3.5602,straight
9,41447,-0.1172,-0.2257,0.2896,-1.6089,10.489,-3.5721,straight
9,41470,0.2678,-0.3269,0.3448,-1.6688,10.8098,-3.2058,straight
9,41493,0.5113,-0.1055,0.2499,-0.5962,12.536,-2.9928,straight
9,41517,0.2435,-0.0069,0.126,-0.3472,13.5584,-1.4796,straight
9,41540,0.0608,0.077,0.0509,0.7638,11.4515,-0.6608,straight
9,41563,-0.0211,0.0021,-0.0245,1.7957,9.1482,-0.7949,straight
9,41587,0.0901,-0.311,-0.0389,0.2729,8.2624,-1.2857,straight
9,41611,0.0397,-0.2726,-0.02,-2.411,8.5784,-2.0662,straight
9,41634,0.0437,-0.2366,0.0077,-1.3144,8.576,-1.7478,straight
9,41657,0.0845,-0.235,0.0261,-0.6776,9.4212,-2.3056,straight
10,46037,-0.2076,-0.02,0.0043,-1.0582,10.6542,-1.6352,straight
10,46060,-0.0552,0.1442,0.0277,-0.6632,10.9654,-1.4892,straight
10,46083,-0.0282,0.2236,0.0171,0.3304,9.8713,-1.9441,straight
10,46106,0.0378,0.1482,0.0043,0.2466,8.4707,-2.7054,straight
10,46130,0.0629,0.2014,-0.0392,-0.4549,8.0589,-3.0382,straight
10,46153,0.0525,0.2262,-0.0743,-0.7925,8.3701,-2.6049,straight
10,46176,0.093,0.1087,-0.0613,-1.4054,8.4108,-2.8156,straight
10,46199,0.0365,0.0336,-0.032,-1.9752,8.3366,-3.0957,straight
10,46223,-0.0648,-0.0317,-0.0101,-1.5371,8.5401,-2.2529,straight
10,46246,-0.0506,-0.1516,0.0163,-1.5874,8.6503,-2.1811,straight
10,46270,0.0432,-0.3003,0.0845,-1.6855,8.576,-2.3631,straight
10,46293,0.1863,-0.3464,0.1609,-1.4557,8.6072,-2.6336,straight
11,50221,0.2374,-0.0504,0.2281,-1.2282,11.0301,-4.142,straight
11,50244,0.2641,-0.0791,0.1676,-1.2977,12.6629,-2.6456,straight
11,50267,0.2507,-0.0749,0.1556,-0.4381,13.1226,-1.5754,straight
11,50290,0.2332,-0.218,0.1471,0.4645,11.6909,-1.3455,straight
11,50313,0.0608,-0.1591,0.0911,-0.0982,9.8306,-1.5538,straight
11,50336,-0.0528,-0.0797,0.0205,-0.0814,8.4683,-1.3791,straight
11,50359,0.0253,-0.1183,-0.0232,-0.3855,7.6495,-1.2282,straight
11,50382,0.1577,-0.231,-0.0381,-1.2378,7.9559,-1.2282,straight
11,50405,0.2409,-0.2225,-0.0613,-0.9026,8.9447,-1.9704,straight
11,50428,-0.0149,-0.3195,-0.0498,-0.5435,10.5225,-2.3846,straight
11,50451,-0.1889,-0.231,-0.0085,0.3328,10.8984,-1.8555,straight
11,50474,-0.0866,-0.1045,0.0445,1.3001,9.6678,-1.7669,straight
12,54617,-0.1772,0.1013,0.162,3.6871,8.9519,-3.0263,straight
12,54640,-0.041,-0.0845,0.0557,3.0789,8.7173,-2.7342,straight
12,54663,0.1591,-0.029,0.0333,0.5267,9.3111,-2.9856,straight
12,54686,0.0938,-0.0525,0.0075,-0.0766,9.4475,-2.3583,straight
12,54709,0.0786,-0.138,0.0085,-0.7638,9.2895,-1.6137,straight
12,54732,0.085,-0.1527,0.0272,-0.656,9.3039,-1.3767,straight
12,54755,0.1082,-0.0035,-0.0184,0.5938,9.5984,-1.5323,straight
12,54778,0.2451,0.0011,-0.0344,1.5227,9.6367,-2.0853,straight
12,54801,0.3754,0.0986,-0.0845,2.0159,10.0197,-2.4325,straight
12,54825,0.6225,0.2832,-0.1234,1.3838,11.145,-2.5498,straight
12,54848,0.6299,0.2827,-0.1577,-0.8092,12.5001,-2.0662,straight
12,54872,0.129,0.202,-0.1348,-4.8842,13.9366,-1.5299,straight
13,56671,0.2249,-0.0541,0.0458,-0.7374,13.1609,-1.7166,straight
13,56694,0.2942,0.0863,0.0477,-0.3567,11.9399,-0.3663,straight
13,56717,0.251,0.0722,0.008,-0.3879,10.0916,-0.9026,straight
13,56741,-0.073,-0.1871,-0.0405,-0.419,8.77,-0.8595,straight
13,56764,0.0514,-0.3267,-0.033,-0.7494,7.9871,-0.7422,straight
13,56787,0.2068,-0.2587,-0.0205,-1.2091,8.1858,-2.2697,straight
13,56810,0.1919,-0.2361,-0.0282,-0.6249,9.0932,-3.0191,straight
13,56833,0.0674,-0.2092,-0.0123,-0.1867,10.3956,-2.7509,straight
13,56856,-0.0264,-0.0693,0.0325,0.5411,10.3669,-2.1715,straight
13,56879,-0.0301,-0.077,0.0741,0.8308,9.1482,-2.5235,straight
13,56903,-0.1226,-0.0911,0.0442,-0.1197,8.248,-3.2825,straight
13,56926,-0.1889,-0.0743,0.0059,-0.7685,7.9918,-2.9928,straight
14,58498,0.2276,0.1529,-0.1239,0.7446,10.9295,-2.897,straight
14,58521,0.5015,0.2665,-0.0863,-0.5578,10.6757,-1.9082,straight
14,58544,0.34,0.5348,-0.0767,-3.2968,10.6805,-1.2929,straight
14,58567,-0.0538,0.4317,-0.085,-4.0199,9.9048,-0.6943,straight
14,58590,-0.0831,0.303,-0.0751,-2.8826,9.086,0.1556,straight
14,58613,0.202,0.1564,0.0368,-1.6496,9.0261,-0.5219,straight
14,58636,0.1287,0.1761,0.064,0.2298,9.481,-3.5458,straight
14,58659,-0.129,0.0131,0.024,-0.7278,9.256,-3.1173,straight
14,58682,-0.0845,0.1852,0.0117,-1.5538,9.3015,-2.1045,straight
14,58705,0.0016,0.2609,0.0509,-1.1564,8.8035,-1.8699,straight
14,58728,0.0306,0.2742,0.0754,-0.6153,8.2863,-2.7701,straight
14,58751,0.0128,0.2198,0.0501,-0.7805,8.339,-3.3232,straight
15,60364,0.2817,0.1977,0.1015,0.0622,10.6566,-0.5818,straight
15,60387,0.2537,0.0384,0.0461,-0.9457,8.8897,-1.5227,straight
15,60410,-0.138,-0.1708,0.0077,-1.5443,8.0709,-1.1851,straight
15,60433,-0.0735,-0.2912,0.0376,-1.4102,8.1139,-0.3926,straight
15,60456,0.2726,-0.2641,0.0794,-0.9505,8.7245,-0.5986,straight
15,60479,0.3453,-0.1684,0.073,-0.0622,9.8521,-2.5594,straight
15,60502,0.0157,-0.2401,0.0418,0.4166,10.8864,-3.0454,straight
15,60525,-0.1431,-0.2166,0.0458,0.7254,10.3597,-1.913,straight
15,60548,0.0088,-0.073,0.1031,0.4741,9.0788,-1.8651,straight
15,60571,0.0141,-0.0706,0.0954,-0.1221,8.2863,-3.0765,straight
15,60594,-0.1002,-0.1175,0.0546,-0.7661,7.8195,-2.9209,straight
15,60617,-0.0946,-0.1324,0.0512,-0.7302,8.0709,-2.5618,straight
16,61684,0.1575,-0.04,0.0722,0.1628,7.5202,-2.4086,straight
16,61708,0.0602,-0.1761,-0.004,-0.103,9.7085,-2.0399,straight
16,61731,0.0911,-0.287,-0.0083,-0.4357,10.5512,-1.5227,straight
16,61754,0.2411,-0.2619,0.0472,0.0215,9.8067,-2.8108,straight
16,61777,-0.0666,-0.2809,0.0525,0.7973,8.9807,-2.8659,straight
16,61800,-0.2198,-0.162,0.0474,0.3089,8.351,-2.296,straight
16,61823,-0.1085,-0.0453,0.0597,-0.2777,8.1116,-2.9209,straight
16,61846,-0.1378,-0.0613,0.0613,-0.2993,8.1523,-3.4644,straight
16,61869,-0.162,-0.0509,0.0498,-0.0096,8.4731,-3.0335,straight
16,61892,-0.1463,-0.0027,0.0469,0.419,8.9184,-2.9257,straight
16,61915,-0.1868,0.0914,0.0488,0.9218,9.074,-3.0742,straight
16,61938,-0.1516,0.1687,0.0528,1.0391,8.509,-2.9018,straight
17,63446,0.0624,0.5265,-0.1388,-3.4117,10.0556,-1.1612,straight
17,63469,-0.2958,-0.1463,-0.0781,-4.0223,9.3206,0.0096,straight
17,63492,-0.207,-0.3714,-0.0091,-2.5929,8.8322,0.2634,straight
17,63515,0.2449,0.0285,0.0735,-0.5267,9.6199,-2.2745,straight
17,63538,-0.0866,-0.0885,0.0861,0.1508,10.4722,-4.4843,straight
17,63561,-0.0781,0.0437,0.114,-0.3352,9.7468,-3.0406,straight
17,63584,0.0514,0.2513,0.1085,-0.3663,8.9926,-2.8036,straight
17,63607,0.1151,0.3872,0.0677,-0.5794,8.3893,-2.9904,straight
17,63631,0.1098,0.3371,0.041,-1.47,8.0924,-2.8994,straight
17,63654,-0.0429,0.2065,0.0296,-1.5371,8.6526,-2.5379,straight
17,63678,-0.1103,0.0109,0.0541,-1.2905,8.8585,-2.3104,straight
17,63701,-0.1239,-0.0581,0.0759,-1.0582,8.7747,-3.304,straight
18,65677,0.1124,0.0823,-0.0472,-0.8021,10.4004,-2.2697,straight
18,65700,-0.0648,-0.0834,-0.0525,-0.4788,10.343,-2.2793,straight
18,65723,-0.033,0.0021,-0.0589,0.4525,10.41,-2.8826,straight
18,65747,0.1514,0.1916,-0.138,1.889,10.8769,-3.1005,straight
18,65770,0.2856,0.23,-0.218,0.4477,11.5329,-3.0837,straight
18,65793,0.1943,0.3629,-0.2025,-1.7669,12.1745,-1.6472,straight
18,65816,0.1274,0.2952,-0.0871,-3.7685,10.8386,-0.6608,straight
18,65839,0.1537,0.3688,-0.0005,-3.0861,9.0621,-0.8619,straight
18,65862,0.0488,0.1386,0.0482,-2.5283,8.5401,-1.312,straight
18,65885,-0.0834,-0.0117,0.0866,-2.0782,9.2129,-2.1045,straight
18,65908,-0.1252,-0.0242,0.1338,-1.2833,9.6582,-2.0135,straight
18,65932,0.0163,0.1953,0.1439,0.407,10.161,-2.3391,straight
19,70124,0.1636,-0.2084,0.2388,-1.913,10.0341,-3.3351,straight
19,70148,0.3062,-0.1276,0.1418,-1.415,12.0045,-2.6959,straight
19,70171,0.2939,-0.0618,0.0885,-0.7494,12.3708,-1.1013,straight
19,70194,0.2947,0.1037,0.1034,0.0311,11.4299,-0.5866,straight
19,70218,0.2161,-0.0685,0.1519,0.3855,10.7236,-1.6759,straight
19,70241,0.1793,-0.1929,0.1356,-0.5602,9.3877,-1.3024,straight
19,70264,0.2076,-0.2398,0.1074,-0.8356,8.2289,-0.8188,straight
19,70287,0.2928,-0.2742,0.0802,-0.7925,7.8458,-1.1085,straight
19,70310,0.3421,-0.3246,0.0658,-0.431,8.6048,-2.2146,straight
19,70333,0.1847,-0.3784,0.0328,0.2227,10.3765,-2.6935,straight
19,70356,0.0125,-0.3619,0.0445,0.3879,11.3892,-2.1739,straight
19,70379,-0.0778,-0.2356,0.0863,0.6201,10.659,-2.2889,straight
20,79714,0.3078,0.0067,0.2814,-0.4525,13.5081,-3.3495,straight
20,79737,0.2582,0.0504,0.202,0.0718,13.532,-0.4405,straight
20,79760,0.4501,0.0842,0.0973,0.3903,10.8242,0.5267,straight
20,79783,0.506,-0.1705,0.0264,-0.3759,8.4707,-0.5387,straight
20,79806,0.1386,-0.227,-0.0176,-1.1013,7.8793,-1.1253,straight
20,79829,-0.0618,-0.2555,-0.0421,-0.5914,8.1451,-0.5339,straight
20,79852,0.2915,-0.1863,-0.0147,0.1101,8.4611,-1.0774,straight
20,79875,0.3304,-0.19,-0.0168,0.3998,9.5002,-3.1627,straight
20,79898,0.0642,-0.1948,-0.0306,0.5267,10.0365,-2.4469,straight
20,79921,0.0823,-0.0525,0.0072,0.7135,9.7516,-1.9489,straight
20,79944,0.0839,0.0021,0.0405,0.4956,9.1171,-2.6576,straight
20,79967,-0.0506,0.0045,0.0293,0.1915,8.4994,-2.964,straight
21,81351,0.0272,-0.0059,0.0322,1.0487,8.7197,-3.79,straight
21,81374,0.0211,-0.0088,0.0104,0.9553,8.1762,-2.7438,straight
21,81397,0.0349,0.1148,-0.0309,0.4405,8.3558,-2.2529,straight
21,81420,0.1671,0.2206,-0.0762,-0.2155,9.2129,-3.2537,straight
21,81443,0.1887,0.0648,-0.0826,-1.0678,10.2663,-3.6129,straight
21,81466,0.0544,-0.0866,-0.0786,-1.3767,10.6183,-2.2194,straight
21,81489,0.0397,-0.2129,-0.0871,-1.2737,10.2783,-2.3296,straight
21,81512,-0.0341,-0.1545,-0.0973,-0.2131,9.991,-3.4572,straight
21,81535,-0.0258,-0.0354,-0.1436,1.5083,10.5489,-3.6129,straight
21,81558,0.1815,0.17,-0.206,2.0662,11.4563,-3.7397,straight
21,81581,0.2419,0.2372,-0.2361,0.7949,12.6581,-2.4373,straight
21,81604,0.2097,0.2742,-0.1274,-1.3743,12.4283,-1.1588,straight
22,82889,0.1156,0.3267,0.0104,-1.6161,7.6686,0.2083,straight
22,82912,0.2595,0.287,0.0213,-0.7063,8.2313,-0.6297,straight
22,82935,0.1183,0.194,0.0733,-1.0558,9.9144,-2.8563,straight
22,82958,-0.0765,0.1116,0.0999,-0.6249,10.1706,-1.9537,straight
22,82981,0.1223,0.2427,0.1138,-0.9649,9.4786,-2.0566,straight
22,83004,0.0895,0.3099,0.0791,-1.0582,8.734,-2.8587,straight
22,83027,0.0141,0.3419,0.0533,-0.6991,8.3246,-2.7533,straight
22,83050,0.0136,0.3051,0.069,-0.9673,8.4779,-3.0742,straight
22,83073,0.0306,0.2774,0.0565,-0.7494,8.8969,-2.8826,straight
22,83096,0.0386,0.2105,0.0376,-1.0319,8.7269,-3.0622,straight
22,83119,0.0061,0.1593,0.0147,-1.3695,8.4755,-3.2896,straight
22,83142,-0.012,0.0714,0.008,-1.7023,8.3462,-3.3136,straight
23,84612,0.2446,0.0541,0.2006,-0.4118,13.0963,-3.2513,straight
23,84635,0.2046,0.2582,0.1039,0.9266,12.5313,-0.4717,straight
23,84658,0.53,0.4647,0.0352,0.9936,10.5058,-0.6895,straight
23,84681,0.5812,0.3078,-0.0096,-0.735,9.1267,-1.6352,straight
23,84704,0.0389,-0.0397,-0.0613,-1.506,8.3821,-1.4748,straight
23,84727,-0.3163,-0.5947,-0.049,-1.5275,8.0876,-0.5602,straight
23,84750,0.0272,-0.4447,-0.0085,-1.2019,8.3007,-0.6608,straight
23,84773,0.2769,-0.2513,0.0013,0.2634,9.7468,-3.6009,straight
23,84796,-0.2073,-0.296,-0.0538,0.7805,10.1083,-3.6416,straight
23,84819,-0.202,-0.1114,-0.0187,0.8619,9.6798,-1.8435,straight
23,84842,-0.0288,0.0261,0.044,0.7542,8.9974,-2.5187,straight
23,84865,-0.057,-0.0171,0.0336,-0.0838,8.442,-3.1915,straight
24,88873,0.207,0.2864,-0.1204,0.1365,11.2767,-2.66,straight
24,88896,0.1604,0.2566,-0.1263,-1.6161,11.6262,-1.2498,straight
24,88919,-0.1266,0.2657,-0.1037,-4.2258,12.4786,-0.7877,straight
24,88942,-0.373,0.1522,-0.0629,-2.3176,10.094,2.2865,straight
24,88965,0.1817,0.49,0.0232,-0.3783,8.0685,0.5195,straight
24,88988,0.4453,0.3064,0.0402,0.4405,7.6567,-2.3415,straight
24,89011,0.0917,0.1777,0.057,-2.2601,7.6471,-3.0382,straight
24,89034,0.1204,0.3722,0.0253,-1.8459,8.588,-1.2737,straight
24,89057,-0.0304,0.1633,-0.0229,-2.3296,9.7013,-0.5722,straight
24,89080,0.0477,0.1007,0.0216,-1.9034,10.0556,-0.3855,straight
24,89103,0.3067,0.2838,0.0605,-0.4645,10.058,-1.5562,straight
24,89126,0.1098,0.2569,0.0333,0.4741,9.4332,-3.6129,straight
25,90254,-0.0999,-0.0496,0.0397,-1.8244,9.6295,-1.9728,straight
25,90278,-0.1815,-0.1098,0.1167,-0.8811,10.726,-2.4229,straight
25,90301,-0.0746,-0.0989,0.1609,-0.826,10.6925,-2.715,straight
25,90324,-0.06,-0.0069,0.1753,-1.3982,9.6941,-2.8299,straight
25,90347,0.044,0.1692,0.1911,-0.7709,8.4683,-3.1867,straight
25,90370,-0.0218,0.2534,0.1332,-0.4166,8.1499,-3.6296,straight
25,90393,-0.0213,0.1753,0.0965,-0.8978,8.023,-3.0382,straight
25,90416,0.0,0.1508,0.0701,-1.233,8.3342,-2.6911,straight
25,90439,-0.0554,0.0869,0.061,-1.312,8.758,-2.9018,straight
25,90462,-0.1447,0.0037,0.0589,-1.0894,8.9854,-3.0167,straight
25,90485,-0.1559,-0.0565,0.0626,-0.9242,8.8873,-3.2202,straight
25,90508,-0.1823,-0.061,0.0557,-0.8332,8.2408,-3.2633,straight
26,92745,0.0107,-0.1204,0.0266,-1.0894,9.2273,-2.466,straight
26,92768,-0.1045,-0.0269,0.0621,-1.087,9.4906,-2.3224,straight
26,92791,-0.1212,0.0677,0.077,-1.3168,9.3111,-1.4389,straight
26,92814,0.0373,0.2166,0.0597,-0.7829,8.1882,-1.2977,straight
26,92837,0.1495,0.239,0.0245,-1.1827,7.762,-2.0542,straight
26,92860,-0.0027,0.122,0.0088,-1.3024,8.4539,-3.2944,straight
26,92883,-0.1191,0.064,0.0016,-1.0989,8.6622,-2.5019,straight
26,92906,-0.0149,0.1308,0.0093,-1.075,8.7604,-2.3535,straight
26,92929,0.024,0.1428,0.0195,-1.3048,8.916,-3.2729,straight
26,92953,0.0093,0.0677,0.0386,-1.47,9.1411,-3.1101,straight
26,92976,0.0061,0.0085,0.0717,-1.3791,8.9711,-2.7701,straight
26,92999,-0.0418,-0.0413,0.1034,-1.1396,8.4013,-2.8563,straight
27,94271,-0.0773,-0.0799,0.1223,-0.6752,7.2065,-3.1963,straight
27,94294,0.0253,-0.1255,0.1332,-0.8045,7.5202,-3.893,straight
27,94317,0.1303,-0.1106,0.1108,-1.3001,8.5305,-3.043,straight
27,94340,0.2859,-0.1026,0.0616,-1.585,9.5337,-1.8842,straight
27,94363,0.3568,-0.0187,0.0562,-2.4684,10.5249,-2.0853,straight
27,94386,-0.0402,-0.1268,0.1271,-1.2067,10.9894,-2.636,straight
27,94409,-0.0051,-0.3072,0.2353,-0.6345,10.2951,-2.3463,straight
27,94432,0.3315,-0.6081,0.3371,-2.411,10.3406,-3.8355,straight
27,94455,0.4658,-0.3824,0.3072,-2.1332,10.8002,-3.7493,straight
27,94478,0.5425,-0.1178,0.203,-1.063,12.1338,-2.8611,straight
27,94501,0.4927,0.0181,0.1287,0.4477,12.7372,-1.1349,straight
27,94524,0.4607,0.3285,0.0765,2.1859,12.0668,-1.233,straight
28,96105,-0.1783,0.2774,0.0392,0.9266,7.5896,-2.32,straight
28,96128,0.0485,0.336,-0.0152,1.7885,7.9272,-3.3878,straight
28,96151,0.1468,0.3411,-0.1186,1.0918,8.995,-3.7302,straight
28,96174,0.2446,0.2465,-0.1764,-0.1628,10.5105,-2.9999,straight
28,96197,0.2955,0.215,-0.145,-2.2793,11.133,-2.1356,straight
28,96220,0.2036,0.0277,-0.1239,-2.083,10.8816,-2.3583,straight
28,96243,-0.0914,-0.1879,-0.1383,-0.6081,10.5584,-2.8156,straight
28,96266,-0.0405,-0.0125,-0.1737,1.063,10.6039,-3.7541,straight
28,96289,-0.0027,-0.1215,-0.2374,1.2785,10.975,-3.6966,straight
28,96312,0.1103,-0.0608,-0.2598,0.1652,10.92,-2.2817,straight
28,96335,0.3571,0.1615,-0.2012,-1.0415,10.9702,-1.8196,straight
28,96358,0.3485,0.3976,-0.174,-3.1244,10.908,-1.9178,straight
29,97636,0.1966,0.3118,-0.0655,-2.8515,9.007,1.7286,straight
29,97659,0.0248,-0.1617,-0.004,-2.2505,8.4108,-0.0838,straight
29,97682,0.1207,-0.2073,0.0629,-0.8643,8.5808,-0.4142,straight
29,97705,0.2116,-0.1314,0.1436,-0.6321,9.5217,-3.1196,straight
29,97728,0.0794,-0.0901,0.1537,-0.5866,9.5624,-3.158,straight
29,97751,0.0392,-0.0021,0.1572,-1.0199,8.8729,-1.6759,straight
29,97774,0.1855,0.1753,0.1388,-1.0894,7.9703,-1.6879,straight
29,97797,0.2038,0.1436,0.114,-1.4102,7.7309,-2.9113,straight
29,97820,0.0083,-0.0301,0.0898,-1.4485,8.3031,-2.715,straight
29,97843,0.0378,-0.0807,0.0989,-1.1947,8.8059,-2.5953,straight
29,97866,-0.0354,-0.069,0.0991,-0.8116,9.1411,-3.067,straight
29,97889,-0.0125,-0.0099,0.0911,-0.4884,9.1243,-3.3471,straight
30,102756,-0.012,0.5572,-0.0064,-2.047,7.094,-2.8683,straight
30,102779,0.0437,0.4634,0.0354,-0.9673,9.3637,-2.1332,straight
30,102802,-0.0424,0.3632,0.0434,-1.7789,11.3078,-1.5012,straight
30,102825,0.0408,0.2425,0.0514,-1.798,10.3645,-1.3503,straight
30,102848,0.1071,0.2888,0.0885,-0.7111,9.4954,-2.6456,straight
30,102871,-0.0861,0.3818,0.0498,0.0192,9.086,-2.8036,straight
30,102894,0.0011,0.3973,0.0365,-0.6177,8.6335,-3.0191,straight
30,102917,-0.0336,0.4101,0.0163,-0.9385,8.3629,-3.0358,straight
30,102940,-0.0197,0.3408,0.0216,-1.1756,8.1523,-3.146,straight
30,102963,-0.0869,0.2947,0.0221,-1.3503,8.3438,-3.2633,straight
30,102986,-0.2084,0.174,0.0309,-1.7765,8.4803,-2.8084,straight
30,103009,-0.1783,0.1132,0.0663,-1.9082,8.2408,-2.6576,straight
31,105694,0.3048,-0.0293,0.1966,-0.8835,12.7395,-2.6719,straight
31,105717,0.0378,-0.2054,0.1167,0.3519,15.0093,-0.0359,straight
31,105740,0.0504,-0.0727,0.0605,1.6855,13.0125,0.6991,straight
31,105763,0.1551,-0.1391,0.0442,2.1979,9.7133,-1.0199,straight
31,105786,0.2286,-0.0357,-0.0493,0.9409,7.8051,-2.9257,straight
31,105809,0.0967,-0.1764,-0.097,-1.7238,7.5465,-3.201,straight
31,105832,-0.0368,-0.2241,-0.0919,-3.1939,8.2768,-1.3575,straight
31,105855,0.1932,-0.069,-0.0394,-1.9752,9.8402,-0.4788,straight
31,105878,0.1783,-0.0954,0.0362,-0.182,10.4866,-2.3224,straight
31,105901,-0.1466,-0.1735,0.0855,1.0654,9.6462,-3.1603,straight
31,105924,-0.1609,-0.146,0.0901,1.4126,8.5018,-2.332,straight
31,105947,0.0064,-0.0104,0.0834,0.3663,8.3127,-2.66,straight
32,108897,-0.0586,-0.0437,0.1479,-1.2785,10.2328,-2.1476,straight
32,108920,0.0123,-0.0136,0.1585,-0.8978,10.07,-2.8252,straight
32,108943,0.0533,0.11,0.1652,-0.8212,9.4188,-3.2801,straight
32,108967,0.0301,0.1908,0.1234,-0.7973,9.0022,-3.0287,straight
32,108991,0.0581,0.2278,0.0906,-1.0439,8.3582,-2.6312,straight
32,109013,0.0781,0.1836,0.0674,-1.5179,7.9895,-2.7869,straight
32,109036,-0.0163,0.1143,0.0349,-1.1636,8.2935,-2.9042,straight
32,109059,-0.1114,0.028,0.0149,-1.2474,8.679,-2.9473,straight
32,109082,-0.1077,-0.0051,0.024,-1.233,8.8705,-3.1292,straight
32,109105,-0.0901,-0.0341,0.037,-1.245,8.8394,-3.5362,straight
32,109128,-0.0565,-0.0597,0.0608,-1.1277,8.2456,-3.4261,straight
32,109151,0.0381,-0.0829,0.0797,-1.2498,7.7357,-3.486,straight
33,12281,0.0261,0.0608,-0.1974,0.6321,8.5784,-2.399,right
33,12304,0.0749,-0.1572,-0.1799,0.826,10.003,-2.5402,right
33,12327,0.1599,-0.3216,-0.1633,-0.1293,9.979,-2.3511,right
33,12350,0.1148,-0.4159,-0.1812,-0.7422,9.4619,-1.6592,right
33,12373,0.1815,-0.292,-0.2366,-0.0072,9.4739,-2.4828,right
33,12396,0.1268,-0.2694,-0.3075,0.3974,9.8785,-2.739,right
33,12419,0.2595,-0.2923,-0.3432,0.2322,9.6774,-2.6528,right
33,12442,0.3957,-0.2926,-0.3872,0.1293,10.0341,-2.545,right
33,12466,0.3032,-0.3291,-0.3677,-0.6967,11.6238,-2.2841,right
33,12489,0.044,-0.4485,-0.2401,-2.1979,13.6685,-0.7709,right
33,12512,-0.3968,-0.7975,-0.1284,-3.7709,12.3684,0.2011,right
33,12535,-0.2198,-0.8791,-0.0493,-3.3232,9.1506,0.5124,right
34,19100,-0.3219,-0.9665,0.0346,-0.0192,9.5936,-2.1117,right
34,19124,-0.1244,-0.8668,0.0139,-0.1389,9.2823,-1.968,right
34,19147,-0.0365,-0.9958,-0.0458,0.2586,9.0668,-1.8651,right
34,19170,0.0181,-1.0629,-0.0911,-0.2298,8.272,-1.8316,right
34,19193,0.0429,-1.1213,-0.11,0.0024,7.501,-2.1045,right
34,19216,0.0711,-1.2638,-0.117,0.1221,7.039,-1.8842,right
34,19239,0.0282,-1.4232,-0.1346,0.3424,7.082,-1.8076,right
34,19262,0.0218,-1.5852,-0.1439,0.316,7.525,-1.9417,right
34,19285,0.0861,-1.6206,-0.1623,0.9864,8.3893,-2.1835,right
34,19308,0.1783,-1.6049,-0.1761,1.403,8.5928,-2.4014,right
34,19331,0.2382,-1.4381,-0.2228,1.8866,8.7317,-2.8371,right
34,19354,0.3187,-1.2606,-0.2798,2.4972,8.8131,-2.5163,right
35,21652,0.5502,-0.5564,-0.3624,1.6735,9.0525,-2.2984,right
35,21676,0.4994,-0.562,-0.437,0.5746,10.2831,-2.5259,right
35,21699,0.5148,-0.6051,-0.4365,-0.8523,10.2041,-1.5467,right
35,21722,0.4066,-0.5745,-0.4527,-1.4485,10.2352,-1.6328,right
35,21745,0.4327,-0.6086,-0.4852,-0.8547,10.92,-2.2529,right
35,21768,0.4314,-0.667,-0.4823,-1.4892,12.4307,-2.0662,right
35,21791,0.3728,-0.74,-0.3648,-2.6528,14.3915,-1.2689,right
35,21814,0.0706,-1.2236,-0.1556,-5.0302,11.3222,-0.4669,right
35,21837,0.1415,-1.3688,0.0136,-4.7812,8.6574,-0.2682,right
35,21860,0.1807,-1.3683,0.0986,-2.9449,9.0692,-2.162,right
35,21884,0.1924,-1.4826,0.1583,-2.4972,9.0644,-1.8004,right
35,21907,0.3411,-1.3816,0.1015,-0.8499,8.679,-1.4174,right
36,24141,0.1351,-0.4445,-0.3043,0.9673,10.9798,-2.964,right
36,24164,0.1108,-0.3083,-0.3275,1.6592,11.1211,-2.3463,right
36,24187,0.2867,-0.2204,-0.3333,1.2115,11.6167,-2.6647,right
36,24210,0.2665,-0.174,-0.283,-0.5028,12.3062,-2.9209,right
36,24233,-0.0759,-0.1212,-0.142,-2.5498,10.805,-0.3711,right
36,24256,0.1692,-0.4706,0.0386,-2.6839,9.0046,0.0335,right
36,24279,0.1924,-0.7687,0.1154,-3.7014,9.256,-2.6647,right
36,24302,0.0512,-0.8929,0.1391,-2.8491,9.7851,-1.0367,right
36,24325,0.0821,-0.8404,0.1506,-0.3591,10.4004,-1.7071,right
36,24348,0.2257,-0.8431,0.1386,1.5634,10.2711,-2.2314,right
36,24371,0.3421,-0.959,0.114,0.6249,9.1028,-2.3846,right
36,24394,0.4072,-0.8884,0.0602,-0.2442,7.8673,-3.0765,right
37,26560,0.3659,-0.0991,-0.3038,1.2857,11.1043,-3.316,right
37,26583,0.4106,0.149,-0.3227,2.3559,12.4068,-2.4277,right
37,26606,0.5151,0.2268,-0.2803,-0.0862,13.6446,-2.4373,right
37,26629,0.2955,0.376,-0.194,-3.735,12.9814,-2.047,right
37,26652,0.1284,0.2286,-0.0735,-3.3974,9.9862,0.1293,right
37,26675,0.1628,-0.2182,0.073,-3.9528,7.8243,-1.0534,right
37,26698,0.0778,-0.3555,0.1404,-2.4086,7.6064,-2.2075,right
37,26721,0.0187,-0.3936,0.1106,-0.7302,8.758,-2.2338,right
37,26744,0.1079,-0.376,0.1013,-0.1796,9.4739,-2.0279,right
37,26767,0.219,-0.2465,0.093,-0.1437,10.0078,-2.3272,right
37,26791,0.2137,-0.2673,0.0783,-0.3879,9.6822,-2.2505,right
37,26814,0.1223,-0.408,0.0887,-1.3001,9.1339,-2.3631,right
38,29627,-0.2446,-0.3416,0.2686,4.3694,10.1107,-0.2274,right
38,29650,-0.0885,-0.4418,0.1388,2.1165,8.5832,-2.083,right
38,29673,-0.0314,-0.4314,0.0096,0.5602,7.5944,-3.316,right
38,29696,-0.0125,-0.5212,-0.048,-1.1708,8.3989,-3.2944,right
38,29720,-0.1346,-0.635,-0.0541,-1.5275,10.0796,-1.0965,right
38,29743,0.0517,-0.586,0.0181,-0.4405,9.8569,-0.6776,right
38,29766,0.036,-0.7426,0.0682,0.7566,9.1698,-2.5546,right
38,29789,-0.1098,-0.9236,0.0544,0.7566,7.9296,-2.2673,right
38,29812,-0.1018,-0.9443,0.0277,0.577,7.6495,-2.5905,right
38,29835,-0.1348,-0.9491,0.0155,0.2442,8.1068,-2.5929,right
38,29858,-0.0384,-0.935,0.0208,0.51,8.5952,-2.3822,right
38,29881,0.0269,-0.9571,0.0184,0.8978,8.9016,-2.4732,right
39,32540,0.1855,-0.388,-0.3698,0.2705,10.1394,-3.1364,right
39,32563,0.2177,-0.3906,-0.4471,0.4621,11.394,-3.0478,right
39,32586,0.2601,-0.3789,-0.4666,-0.1532,13.1442,-2.3032,right
39,32609,0.3072,-0.4847,-0.3421,-2.2362,13.3716,-1.3599,right
39,32632,0.2254,-0.4117,-0.1743,-2.8491,11.6119,-0.8882,right
39,32655,0.0301,-0.6448,-0.0234,-2.0853,9.0573,-0.838,right
39,32678,0.0328,-0.7525,0.0562,-1.8268,7.6519,-1.4126,right
39,32701,0.0959,-0.8828,0.1183,-1.8603,7.6255,-2.2314,right
39,32724,0.1069,-0.8236,0.146,-1.3575,8.7388,-1.8866,right
39,32747,0.1652,-0.8929,0.1583,-1.4581,9.6941,-1.4461,right
39,32771,0.2798,-0.8122,0.1604,-1.2665,9.7324,-2.0279,right
39,32794,0.3142,-0.8716,0.1324,-0.4166,9.0357,-2.2984,right
40,35367,0.3174,-0.4,0.118,-1.2713,8.248,-3.1244,right
40,35390,0.364,-0.4639,0.0837,-1.0151,8.9543,-2.5929,right
40,35413,0.2188,-0.6027,0.0533,-0.5938,10.0102,-2.5091,right
40,35436,0.0256,-0.7887,0.0424,-0.7925,9.9455,-2.7461,right
40,35459,0.0123,-0.8652,0.0621,-1.008,9.6414,-3.5698,right
40,35482,0.0229,-0.9166,0.0613,-1.0247,9.0381,-3.3423,right
40,35505,0.0842,-1.0115,0.0576,-1.0582,8.2768,-3.5314,right
40,35528,0.114,-1.048,0.0618,-1.4772,7.7764,-3.8978,right
40,35551,0.1468,-1.0619,0.0629,-1.3527,8.2097,-3.2394,right
40,35574,0.2356,-1.1359,0.0578,-1.0726,8.7628,-2.6576,right
40,35597,0.2124,-1.2207,0.0637,-1.1684,9.2751,-2.5905,right
40,35620,0.1556,-1.3603,0.0802,-0.9529,9.6079,-2.8012,right
41,41845,0.2388,-1.0211,0.1708,-1.2091,8.9064,-2.7964,right
41,41869,0.3104,-1.0802,0.1636,-1.2282,8.5401,-2.9736,right
41,41892,0.4064,-1.1895,0.1364,-1.8962,9.2488,-2.8706,right
41,41916,0.7144,-1.2044,0.141,-2.5762,12.8856,-2.6456,right
41,41939,0.5526,-1.0536,0.0901,-0.917,16.4194,-1.154,right
41,41962,0.0296,-1.3829,0.1447,1.4341,14.7267,-1.0199,right
41,41986,-0.1823,-1.6052,0.2137,1.5083,11.1594,-1.2163,right
41,42009,0.041,-1.3182,0.1721,2.3703,8.928,-2.2482,right
41,42032,0.0069,-1.2993,0.0429,1.1588,7.3167,-2.5762,right
41,42055,0.2057,-1.3153,0.0189,-1.1564,7.4795,-1.9561,right
41,42078,0.2614,-1.263,0.0261,-0.9194,9.2703,-1.585,right
41,42101,0.211,-1.4184,0.081,-0.0144,10.0078,-2.0566,right
42,46982,-0.0378,-0.4588,0.1079,1.9273,9.8952,-1.7262,right
42,47005,-0.0314,-0.4823,-0.0187,0.2322,8.2384,-1.5419,right
42,47028,0.1743,-0.7168,-0.0722,-0.9625,7.4939,-1.5778,right
42,47051,0.0195,-0.9049,-0.0485,-2.9975,8.4707,-1.81,right
42,47075,0.0069,-0.9257,-0.0224,-0.8475,9.3661,-1.0343,right
42,47098,-0.0909,-1.1151,0.0149,0.5195,9.8904,-2.7797,right
42,47121,-0.13,-1.105,0.0195,0.8763,9.2416,-2.1428,right
42,47144,0.0136,-1.0986,0.0309,1.2761,8.6048,-2.3631,right
42,47167,0.0149,-1.1111,0.0069,0.4645,8.3582,-2.7701,right
42,47190,0.0171,-1.1578,-0.0192,-0.0192,8.4539,-2.6001,right
42,47213,0.0389,-1.2116,-0.0325,0.2753,8.6838,-2.4205,right
42,47236,0.0354,-1.2798,-0.036,0.6464,8.7053,-2.4972,right
43,49679,-0.1599,-0.4226,-0.0344,0.7302,8.1331,-2.6025,right
43,49702,-0.0568,-0.3563,-0.0727,1.0199,9.0214,-2.3032,right
43,49725,-0.0317,-0.3837,-0.0933,0.9505,9.1818,-2.0279,right
43,49748,0.0282,-0.4269,-0.0919,0.4262,8.9902,-2.1452,right
43,49771,0.0546,-0.4437,-0.0786,0.8547,8.327,-1.9513,right
43,49794,0.077,-0.3941,-0.0999,1.2426,8.0469,-1.798,right
43,49817,0.19,-0.3962,-0.1529,1.4964,8.011,-2.2673,right
43,49840,0.2992,-0.3733,-0.2308,1.0798,8.3462,-2.6384,right
43,49863,0.4466,-0.2697,-0.3006,0.6823,9.2368,-2.5379,right
43,49886,0.4724,-0.2489,-0.3477,0.2011,9.8043,-2.6767,right
43,49909,0.4125,-0.3144,-0.3688,-0.6416,9.9766,-2.4014,right
43,49932,0.332,-0.4503,-0.3797,-0.6129,10.4291,-2.5762,right
44,55367,0.0733,-0.141,0.0469,-1.2857,9.4499,-2.8443,right
44,55390,-0.0338,-0.2409,0.0509,-1.2881,9.0094,-2.7031,right
44,55413,-0.0288,-0.3552,0.0943,-1.9537,8.3366,-2.8683,right
44,55436,-0.0029,-0.328,0.1343,-2.1596,8.2361,-3.146,right
44,55460,0.0536,-0.3269,0.1388,-1.6807,8.5952,-2.7892,right
44,55483,0.0954,-0.3395,0.138,-1.4892,9.2057,-3.0622,right
44,55506,0.089,-0.3392,0.1596,-1.0439,9.9479,-3.0335,right
44,55529,0.0576,-0.3443,0.2161,-1.1013,10.0628,-3.1029,right
44,55552,0.1367,-0.4293,0.3086,-1.3479,9.7037,-3.1747,right
44,55575,0.2286,-0.5324,0.3816,-2.0542,9.9431,-3.462,right
44,55598,0.4024,-0.4908,0.3611,-1.8771,11.7531,-3.1843,right
44,55621,0.3363,-0.4378,0.2832,-1.3647,14.4394,-2.4373,right
45,58302,-0.0578,-0.6979,0.0147,-1.3791,9.2057,-0.8356,right
45,58325,0.0781,-0.5963,0.0815,-0.3663,9.9072,-2.0016,right
45,58348,-0.0365,-0.5886,0.113,1.1875,10.0868,-2.6743,right
45,58371,-0.0021,-0.7312,0.1231,1.5658,8.9064,-2.0806,right
45,58394,0.0642,-0.7605,0.1026,0.9625,8.102,-2.4277,right
45,58417,0.041,-0.7967,0.0589,0.4836,7.6543,-2.6624,right
45,58440,0.0416,-0.8511,0.0298,-0.0144,7.6854,-2.7892,right
45,58463,0.0778,-0.8569,0.0195,0.1796,8.2145,-2.4948,right
45,58486,0.1085,-0.8553,-0.0027,1.0343,8.8011,-2.4014,right
45,58509,0.1471,-0.8644,-0.0429,1.5347,8.9639,-2.5977,right
45,58532,0.1716,-0.8513,-0.0863,1.5227,8.8322,-2.7102,right
45,58555,0.2124,-0.817,-0.1178,1.4988,8.5856,-2.7701,right
46,61544,0.458,-0.6829,0.0408,-1.5347,8.3294,-3.2489,right
46,61567,0.7019,-0.7418,0.0512,-1.9561,8.7676,-2.8012,right
46,61590,0.5891,-0.6901,0.0914,-0.9984,9.9671,-2.6073,right
46,61613,0.2102,-0.7269,0.0837,0.8332,10.3286,-2.7701,right
46,61636,0.0997,-0.8945,0.0573,-0.0527,9.8689,-3.1173,right
46,61659,0.0453,-0.9848,0.0397,-0.7278,9.2153,-3.7421,right
46,61682,0.0674,-1.1215,0.0421,-1.2833,8.5353,-3.2417,right
46,61705,0.093,-1.0861,0.0584,-1.4581,8.2337,-3.4955,right
46,61728,0.1031,-1.0789,0.0578,-0.9194,8.5329,-3.0478,right
46,61751,0.2369,-1.1088,0.0669,-0.7278,8.77,-3.1412,right
46,61774,0.2827,-1.0848,0.0871,-0.5986,9.426,-3.3854,right
46,61797,0.2004,-1.0992,0.1005,-0.3089,9.7875,-3.0406,right
47,64333,0.2766,-0.4008,0.292,-1.2713,13.137,-1.9776,right
47,64356,0.1993,-0.3238,0.3139,0.644,13.3381,-0.8954,right
47,64379,0.0184,-0.3525,0.2318,2.6528,11.2312,-1.6592,right
47,64402,-0.0941,-0.5561,0.1268,1.9321,9.2153,-2.0159,right
47,64425,-0.0392,-0.6416,0.0589,0.2227,8.2624,-2.0662,right
47,64448,0.0179,-0.6944,0.0823,-2.4205,8.5042,-2.2434,right
47,64471,-0.0229,-0.5518,0.1066,-1.7765,9.3134,-1.5371,right
47,64495,-0.0218,-0.7051,0.1287,-0.3376,10.1347,-1.6927,right
47,64519,-0.1242,-0.8474,0.145,0.5076,10.2232,-2.1931,right
47,64542,-0.1617,-0.8721,0.138,1.4844,9.0692,-2.0423,right
47,64565,-0.0749,-0.9054,0.1218,1.1899,8.1139,-2.4062,right
47,64588,-0.1063,-0.8351,0.0629,0.759,7.8314,-2.7078,right
48,67215,0.2193,-0.1601,-0.2641,0.68,8.2959,-2.4972,right
48,67238,0.348,-0.2609,-0.3443,-0.0886,9.4786,-2.6911,right
48,67261,0.368,-0.2779,-0.3882,-0.4142,10.3956,-2.3655,right
48,67284,0.3411,-0.5279,-0.3861,-0.644,9.8043,-1.7478,right
48,67307,0.2316,-0.7336,-0.3872,-1.1899,9.3709,-2.2434,right
48,67330,0.1215,-0.6339,-0.4186,-0.1173,9.6534,-2.6983,right
48,67353,0.324,-0.51,-0.433,1.2474,10.4244,-2.897,right
48,67376,0.4325,-0.4157,-0.4463,0.4645,13.0197,-2.988,right
48,67399,0.2987,-0.13,-0.3962,-1.0415,14.8201,-1.8603,right
48,67422,0.1599,-0.3067,-0.2673,-3.7014,12.1721,-0.2825,right
48,67445,0.1969,-0.5452,-0.1172,-4.0797,8.4108,-0.0455,right
48,67468,0.2475,-0.7874,-0.0224,-2.3583,7.2616,-0.5291,right
49,70072,0.1226,-0.2406,0.1127,-0.5507,8.5928,-2.3918,right
49,70095,0.2475,-0.2595,0.0624,-0.7015,8.1068,-2.636,right
49,70118,0.3517,-0.4114,-0.0008,-1.4653,8.0206,-3.0885,right
49,70141,0.4088,-0.5335,0.0072,-3.158,8.6191,-3.0167,right
49,70164,0.1628,-0.6291,0.0549,-2.5809,9.517,-1.9513,right
49,70187,0.0477,-0.8505,0.1255,-1.1277,9.9766,-2.7461,right
49,70210,-0.056,-1.0648,0.1306,-0.7566,9.7109,-3.4931,right
49,70233,0.0003,-1.04,0.1085,-0.7254,8.8346,-3.0574,right
49,70256,0.1298,-0.9158,0.1135,-0.8595,8.2935,-3.3351,right
49,70279,0.2281,-0.7887,0.1231,-1.075,7.9152,-3.6224,right
49,70302,0.3371,-0.7186,0.1212,-1.063,8.3414,-3.4117,right
49,70325,0.3555,-0.7112,0.1111,-1.1037,9.2751,-2.8946,right
50,620976,0.0818,-0.5822,-0.0927,-1.8794,9.0118,0.3208,right
50,620999,0.3424,-0.3768,-0.0983,-1.4317,8.2815,-0.8691,right
50,621022,0.5268,-0.5902,-0.0349,-1.1109,8.5473,-1.494,right
50,621045,0.5268,-0.4349,-0.0149,-0.1053,9.347,-2.0734,right
50,621068,0.3789,-0.466,-0.008,0.1796,9.7636,-2.296,right
50,621091,0.3722,-0.7426,0.0392,0.1317,9.56,-2.1787,right
50,621114,0.5271,-0.7781,0.0048,-0.0383,9.2225,-2.2218,right
50,621137,0.5449,-0.9084,-0.0083,-0.1772,8.7891,-2.308,right
50,621160,0.5974,-1.0016,-0.0469,-0.4525,8.7556,-2.9377,right
50,621183,0.4708,-1.194,-0.0013,-0.929,9.0644,-4.2258,right
50,621206,0.1356,-1.2561,0.0965,-0.5148,9.1794,-4.3527,right
50,621229,0.0794,-1.2556,0.0941,0.237,9.2153,-3.6224,right
51,631639,-0.0698,-1.0978,0.1463,1.8627,8.5449,-2.7797,right
51,631662,-0.0658,-0.8479,0.0818,2.6193,7.6686,-2.794,right
51,631685,-0.1764,-1.0984,0.0568,2.3679,6.8187,-2.6839,right
51,631708,-0.3605,-1.4309,0.1314,1.8052,6.4931,-2.3822,right
51,631731,-0.3595,-1.3193,0.0951,2.2314,6.9073,-2.5546,right
51,631754,-0.1913,-1.2918,0.0037,2.2314,7.185,-3.1556,right
51,631777,-0.0962,-1.2542,-0.032,2.3367,7.8338,-3.8618,right
51,631800,-0.1953,-1.1327,-0.0274,2.5905,8.4515,-3.5769,right
51,631823,-0.3786,-0.9366,0.0205,3.1963,8.825,-3.2585,right
51,631846,-0.4525,-0.534,-0.024,4.2114,8.7101,-2.9951,right
51,631869,-0.2643,-0.2126,-0.1298,5.0422,8.6191,-2.909,right
51,631892,-0.0053,-0.7434,-0.1434,4.3,9.2249,-2.4684,right
52,638822,0.9577,-0.0666,-0.1364,0.2227,7.8985,-5.1811,right
52,638845,-0.1122,-0.4213,0.0296,0.2634,8.1427,-6.5745,right
52,638868,0.0562,-0.4234,0.0019,0.3687,8.1331,-4.6136,right
52,638891,0.1335,-0.6302,0.0285,-0.3232,8.4324,-3.8954,right
52,638914,0.2835,-0.8231,-0.0104,-0.1532,8.5497,-3.0526,right
52,638937,0.3174,-0.9835,0.0314,-1.1516,8.4204,-3.1699,right
52,638960,0.0405,-1.0872,0.2086,-1.1468,8.3965,-3.2298,right
52,638983,0.0648,-0.9377,0.2438,-0.1844,8.6072,-2.988,right
52,639006,0.2318,-0.8764,0.2369,0.1125,9.4858,-5.3151,right
52,639029,0.0149,-0.8809,0.2617,0.1556,10.3334,-4.9321,right
52,639052,0.1266,-0.9561,0.2801,0.395,10.1394,-4.5322,right
52,639075,0.1644,-1.0182,0.3467,0.486,9.9,-4.6543,right
53,648649,0.0437,0.028,0.1375,-0.2945,7.1778,-3.2633,right
53,648672,0.077,0.3613,0.0626,1.4389,7.8817,-5.1284,right
53,648695,0.089,-0.2078,0.1394,1.0894,7.9176,-4.944,right
53,648718,0.3006,-0.3043,0.0895,0.4262,8.5449,-4.9129,right
53,648741,0.2169,-0.3416,0.1162,-0.7254,9.3948,-4.1013,right
53,648764,-0.0381,-0.6299,0.1823,-1.3264,9.3925,-2.8611,right
53,648787,-0.0101,-0.6307,0.2166,-1.7358,9.8402,-3.2992,right
53,648810,0.1047,-0.3088,0.2244,-0.3208,10.3621,-4.9009,right
53,648833,-0.1932,-0.0858,0.2625,1.0271,10.3214,-5.2601,right
53,648856,-0.2076,-0.5801,0.3592,1.5562,10.2568,-4.1013,right
53,648879,0.1116,-1.1703,0.3944,-0.0551,11.0947,-3.1603,right
53,648902,0.7757,-1.2361,0.2419,-0.5722,15.0404,-3.9576,right
54,656706,-1.084,-0.0727,-0.1567,5.8059,6.9576,1.8435,right
54,656729,0.2228,-2.2572,-0.0053,2.5786,9.73,-1.7717,right
54,656752,0.5633,-3.5309,0.0794,-0.1269,11.6909,-2.0686,right
54,656775,0.571,-2.307,-0.1279,-0.6177,9.426,-0.9361,right
54,656798,1.1274,-1.4927,-0.093,-1.0271,8.6263,-4.1444,right
54,656821,-0.4191,-1.0395,0.2542,2.2003,8.1906,-7.6878,right
54,656844,-0.988,-1.3803,0.3885,2.3104,6.4572,-3.2968,right
54,656867,-0.7053,-1.5135,0.2454,3.1053,6.1579,-2.3128,right
54,656890,-0.3515,-1.598,0.0101,3.2058,6.9073,-2.7438,right
54,656913,0.0077,-2.0275,0.008,2.4205,7.7812,-3.0502,right
54,656936,0.0893,-1.5164,-0.0504,2.545,8.7556,-3.2298,right
54,656959,-0.0759,-1.1013,-0.0013,2.7102,9.4092,-3.292,right
55,666449,0.319,-0.9689,-0.1207,2.9042,8.4587,1.2809,right
55,666472,0.7586,-1.6323,-0.1234,1.8148,10.2352,-3.96,right
55,666495,0.1548,-0.9593,-0.1388,-0.2035,10.477,-3.3615,right
55,666518,-0.056,-1.5713,0.1239,-0.1006,10.1251,-4.0677,right
55,666542,-0.1005,-1.4949,0.1705,1.0534,8.272,-4.051,right
55,666565,-0.0053,-1.1109,0.0608,1.7693,6.3901,-3.0837,right
55,666589,-0.2014,-1.1858,0.0653,1.8723,5.6982,-2.7174,right
55,666612,-0.5385,-1.449,0.1343,1.3024,6.0478,-2.241,right
55,666635,-0.9435,-1.7187,0.1551,1.5179,6.7756,-1.7693,right
55,666658,-0.6574,-1.627,-0.025,2.7414,7.4699,-1.5897,right
55,666681,0.0973,-1.0043,-0.288,2.9975,7.8578,-1.9369,right
55,666704,0.3738,-1.1799,-0.2795,3.7158,8.0661,-3.3471,right
56,673986,0.643,-0.9206,0.1815,-2.1261,13.1083,-3.7852,right
56,674010,-0.1167,-1.4426,0.607,-2.0016,14.2287,-2.6935,right
56,674033,-0.7202,-0.9678,0.6534,3.237,11.7747,-2.8563,right
56,674056,-1.5926,0.8407,0.1031,6.2201,10.319,-3.3184,right
56,674079,-0.1247,-1.3502,0.0133,4.9321,9.3805,2.3798,right
56,674102,0.0581,-2.456,-0.0181,1.743,10.7117,-2.2122,right
56,674125,0.3848,-2.7123,0.0717,0.838,11.1019,-2.6049,right
56,674148,0.4948,-1.7062,-0.1655,0.2155,8.8585,-1.8818,right
56,674171,0.2891,-1.8263,-0.0165,0.6895,8.576,-5.5354,right
56,674194,-0.3957,-1.8708,0.1695,1.3384,7.4101,-4.774,right
56,674217,-0.413,-1.614,0.0874,1.8244,6.4284,-3.1819,right
56,674240,-0.4874,-1.4528,0.0448,2.4517,6.2608,-3.225,right
57,683846,-0.5319,-0.6155,0.2201,-1.2881,7.5681,-3.9648,right
57,683871,-0.777,0.1351,0.2198,4.5897,8.1379,-3.8978,right
57,683894,-0.6984,-0.234,0.0232,3.9121,7.3143,-2.8371,right
57,683917,-0.651,-1.954,0.0232,1.968,7.0366,-1.549,right
57,683940,-0.6843,-2.2404,-0.0751,1.9154,6.1723,-1.3072,right
57,683963,-0.0165,-1.4994,-0.1785,0.9433,5.928,-1.1085,right
57,683986,0.7314,-0.8274,-0.1871,2.411,7.8051,-2.7031,right
57,684009,-0.1447,-0.6177,-0.2403,4.5586,9.3589,-4.5226,right
57,684032,-0.4274,-1.0083,-0.1551,3.201,8.497,-2.6743,right
57,684055,-0.1106,-0.9113,-0.202,3.4069,7.5585,-2.0375,right
57,684078,0.3219,-0.729,-0.2539,3.4524,7.6734,-2.9497,right
57,684101,0.2201,-0.8716,-0.226,3.4955,9.6031,-3.0263,right
58,691344,-0.0048,-1.2753,0.2745,0.7829,9.6486,-4.3072,right
58,691367,0.3749,-0.9675,0.0799,-1.482,11.3725,-4.8004,right
58,691390,-0.0815,-0.9745,0.4037,-2.9377,14.3101,-4.1084,right
58,691413,-0.6227,-1.4599,0.7592,0.3926,12.1937,-1.968,right
58,691436,-1.2172,-0.465,0.5308,5.0996,10.963,-3.055,right
58,691459,-0.7831,-0.3424,0.0333,5.8682,8.0182,5.6767,right
58,691482,0.1196,-1.6025,-0.0592,3.4548,10.6997,-1.6065,right
58,691505,0.5636,-2.8253,0.029,1.2737,10.6757,-2.4541,right
58,691528,0.4413,-2.0408,-0.1585,0.4836,9.3948,-2.0758,right
58,691551,0.9241,-1.8687,-0.1649,-1.008,9.1028,-3.9528,right
58,691574,-0.3296,-1.5489,0.198,1.3527,8.8011,-6.675,right
58,691597,-0.6424,-1.2414,0.2681,2.0925,6.9911,-3.3327,right
59,701157,0.1945,-1.5172,0.0885,2.9736,9.6989,1.8747,right
59,701180,0.5399,-2.2407,0.0498,0.3328,10.0987,-1.245,right
59,701203,0.1135,-1.529,-0.049,0.1556,11.2623,-2.4349,right
59,701226,0.6014,-1.8676,-0.0466,0.3831,9.5864,-2.4301,right
59,701249,0.485,-1.5905,-0.0288,0.8691,8.6383,-4.774,right
59,701273,-0.1961,-1.7011,0.2241,1.3336,7.3741,-4.2018,right
59,701296,-0.5415,-1.3648,0.2132,2.2721,6.6343,-3.3591,right
59,701319,-0.6952,-1.2934,0.1327,2.6145,6.3686,-2.9113,right
59,701342,-0.8151,-1.3448,0.029,3.2825,6.9312,-2.7438,right
59,701365,-0.5529,-1.5346,-0.0477,3.1029,7.434,-2.2122,right
59,701388,-0.1378,-1.6038,-0.0754,3.316,8.4755,-2.5546,right
59,701411,-0.2046,-1.2321,-0.1218,3.6368,8.8753,-2.8276,right
60,708293,0.1609,-0.8164,0.2158,3.814,8.3031,-2.6121,right
60,708316,1.3331,0.199,-0.3142,2.5043,5.9879,-1.9704,right
60,708339,1.263,-1.2788,-0.1023,0.7207,7.6567,-4.2066,right
60,708362,0.2795,-1.9132,0.0011,-0.8428,9.6965,-3.5769,right
60,708385,-0.0101,-1.4349,-0.0296,-2.2338,9.3182,-2.6695,right
60,708408,0.093,-1.3933,0.0693,-1.312,8.8442,-4.0701,right
60,708431,0.1167,-1.2031,0.0938,0.2322,9.2895,-4.9057,right
60,708454,0.1079,-1.3752,0.1098,0.8715,9.754,-5.6719,right
60,708477,0.0624,-1.6369,0.1561,1.3479,9.3829,-4.8195,right
60,708500,0.1162,-1.4914,0.1327,1.3431,8.6694,-4.2545,right
60,708523,0.0179,-1.4855,0.1282,0.9194,8.1259,-4.0917,right
60,708546,0.0344,-1.7152,0.1708,0.3807,8.023,-4.4772,right
61,718334,-0.093,-0.9212,0.34,0.1341,10.4459,-2.9951,right
61,718357,0.0461,-0.2526,0.2896,1.9393,10.4818,-5.6934,right
61,718380,0.0061,-0.4293,0.4221,3.043,9.9958,-5.6551,right
61,718403,0.113,-0.4954,0.3381,1.494,11.5951,-3.6823,right
61,718427,0.2265,-1.2841,0.2984,-1.1037,17.2502,-3.0191,right
61,718451,-0.1276,-1.7187,0.5383,-1.8675,13.4817,-1.889,right
61,718474,-0.2899,-1.0912,0.5764,2.8467,10.2424,-2.8611,right
61,718497,-1.2132,0.6307,0.1386,6.9552,9.7109,-4.4532,right
61,718520,-1.1042,-1.125,-0.0083,3.5195,6.8354,4.4245,right
61,718543,0.1324,-2.217,-0.0341,2.1883,10.6829,-0.4645,right
61,718566,0.9984,-2.9631,-0.0618,0.7398,11.1474,-2.9137,right
61,718589,1.0656,-1.359,-0.4101,0.0024,8.8178,-3.5721,right
62,725988,-0.3778,-0.3789,0.3,2.0446,9.505,-5.4324,right
62,726011,-0.239,-0.3512,0.3054,2.7845,9.256,-5.0278,right
62,726034,0.1375,-0.6227,0.1783,1.5706,10.9128,-5.0159,right
62,726057,0.3571,-0.6891,-0.0211,-2.7869,15.6724,-3.0215,right
62,726080,-0.3842,-1.792,0.5073,-3.3255,13.1035,-1.0127,right
62,726103,-0.6973,-1.5087,0.6869,2.3439,10.6566,-2.1572,right
62,726126,-1.6976,1.4599,0.0879,7.0413,10.8194,-3.7421,right
62,726149,-0.0999,-1.1738,0.0171,5.454,9.8857,2.2027,right
62,726172,0.595,-2.72,0.0184,1.2186,10.6542,-1.9656,right
62,726195,0.494,-1.9095,-0.1599,1.1947,10.5465,-2.3798,right
62,726218,1.1159,-1.4943,-0.2526,-1.2641,9.0549,-3.0358,right
62,726241,-0.1684,-1.1692,0.15,1.0558,9.3925,-7.7859,right
63,105456,0.1074,0.1372,-0.11,0.7039,9.6654,-3.3112,left
63,105479,0.081,-0.0309,-0.1085,0.0048,9.9623,-3.1125,left
63,105502,0.0064,0.0195,-0.0586,0.5267,9.8114,-3.7421,left
63,105525,-0.0056,0.2814,-0.0741,1.6807,9.153,-3.7685,left
63,105548,0.0301,0.5654,-0.1529,2.6671,8.7005,-3.9887,left
63,105571,0.0234,0.4836,-0.2454,2.6791,8.8346,-3.4907,left
63,105594,0.1724,0.4114,-0.2936,1.5754,10.2089,-3.4237,left
63,105617,0.1964,0.3701,-0.234,0.3496,11.9806,-2.8539,left
63,105640,0.1527,0.4165,-0.117,-0.7039,12.8712,-2.1045,left
63,105663,0.0019,0.518,-0.1279,0.9912,12.2655,-2.4469,left
63,105686,-0.3938,0.7842,-0.2252,-0.5578,9.8497,-1.5921,left
63,105709,-0.194,0.7975,-0.2462,-1.3599,8.9447,-1.075,left
64,227318,-0.9617,0.352,0.5732,1.6855,10.6111,-1.7358,left
64,227341,-0.0895,1.4365,0.1671,3.8499,6.9001,2.4804,left
64,227364,0.3584,0.8505,-0.1266,2.6887,6.529,-1.5945,left
64,227387,0.5945,0.2161,-0.1788,-0.2059,7.9128,-1.4437,left
64,227410,0.1905,-0.0829,-0.1713,-0.6273,9.809,-1.4078,left
64,227433,0.4128,0.3456,-0.1881,-0.3926,10.5225,-1.6712,left
64,227456,0.5668,0.5375,-0.1511,0.8882,10.2711,-2.8826,left
64,227479,0.267,0.5606,-0.0309,1.7119,9.1339,-4.6735,left
64,227502,0.008,0.4474,0.0759,1.4485,7.9368,-3.5219,left
64,227525,-0.0661,0.6006,0.0679,1.2522,7.5753,-3.0981,left
64,227549,-0.1146,0.6001,0.0642,0.5746,7.8075,-3.2082,left
64,227572,-0.141,0.5263,0.0887,0.0862,8.6,-3.6009,left
65,255056,0.4128,0.0536,-0.3003,1.5203,11.0301,-0.9912,left
65,255079,0.9294,0.4786,-0.4463,0.4621,9.4667,-1.5706,left
65,255102,1.4687,0.3032,-0.3888,-8.9447,7.513,-8.3246,left
65,255125,0.239,1.4458,0.0711,-1.3336,6.9911,-6.1172,left
65,255148,-0.2534,1.5961,0.2345,1.245,7.2377,-3.4165,left
65,255171,-0.514,1.4773,0.1903,2.7294,7.0366,-3.0143,left
65,255194,-0.3517,1.0323,0.1801,1.9968,7.1491,-2.2577,left
65,255217,0.255,0.8111,0.0975,0.9816,8.2361,-2.2529,left
65,255240,0.284,1.0517,0.0093,-2.4828,8.7915,-5.7245,left
65,255263,-0.4074,1.4762,0.1178,-1.3384,8.5401,-4.719,left
65,255286,-0.2822,1.3563,0.1585,0.1389,7.6998,-2.5881,left
65,255309,0.1159,1.2873,0.0578,1.0319,7.6231,-2.4588,left
66,281833,-0.6171,0.1172,0.5788,-0.0407,10.9032,-1.9417,left
66,281856,-1.0605,1.0171,0.4434,4.0294,8.2768,-1.6664,left
66,281879,0.2539,2.0475,-0.1863,5.2744,5.9137,-0.2466,left
66,281902,0.5955,0.5497,-0.3579,3.1843,5.9448,-2.4086,left
66,281925,0.4551,0.1588,-0.4407,0.5698,9.6941,-2.3487,left
66,281948,-0.0203,-0.3171,-0.3499,-2.15,12.4403,-0.929,left
66,281971,0.3277,0.4389,-0.2353,-3.5362,11.9447,-0.5698,left
66,281994,0.9731,0.9004,-0.0597,0.1317,9.6319,-1.8435,left
66,282017,0.2918,2.489,-0.2651,4.7645,9.6199,-7.6279,left
66,282040,-0.3019,0.7783,0.0448,3.5171,7.1563,-4.9799,left
66,282063,-0.3344,0.5947,-0.0711,1.7238,7.7069,-2.9449,left
66,282086,0.1652,0.5265,-0.207,0.2753,8.5808,-2.6049,left
67,299610,1.1983,0.9699,0.15,-5.1068,12.1099,-7.8506,left
67,299633,-0.7442,1.5465,0.2888,-1.8794,12.5313,-3.9121,left
67,299656,-2.3342,0.4309,0.6651,5.2936,9.5553,8.7293,left
67,299679,-0.1572,3.0736,-0.2065,6.11,10.2137,0.1844,left
67,299703,-0.1348,1.3139,-0.323,3.6679,10.0772,-1.798,left
67,299726,0.2667,-0.1188,-0.2198,-0.4046,10.8481,-1.3958,left
67,299749,0.5684,0.4852,-0.3765,-1.1923,9.3302,-0.5818,left
67,299772,1.5423,1.61,-0.4842,-2.6312,8.3103,-1.2857,left
67,299795,0.8164,1.0515,-0.0621,-0.5435,9.5624,-7.5848,left
67,299818,-0.4159,1.6113,0.1343,0.8499,8.442,-4.9153,left
67,299841,-0.5601,0.9481,0.1881,1.3431,7.683,-2.5283,left
67,299864,-0.1716,1.0656,0.0416,1.154,8.2408,-2.2529,left
68,311631,-0.4724,0.6768,0.2356,-2.7294,9.5457,-2.2577,left
68,311654,-0.1697,0.3664,0.3232,-2.2721,8.9256,-2.5666,left
68,311677,0.0717,0.1391,0.3501,-2.5594,8.5281,-4.1204,left
68,311700,-0.0205,0.032,0.3738,-3.2801,8.9088,-4.8483,left
68,311723,-0.1284,0.1426,0.4602,-2.4708,9.9048,-3.5961,left
68,311747,-0.044,0.4181,0.5742,-0.5866,10.1394,-2.5115,left
68,311770,-0.1607,0.8855,0.5558,1.0534,11.2695,-3.6703,left
68,311793,-0.125,-0.1479,0.6171,0.4453,13.2902,-2.8491,left
68,311816,0.1585,0.1191,0.469,-0.3184,13.1968,-2.1787,left
68,311839,-0.2673,0.2539,0.5167,-0.3112,10.884,-1.4078,left
68,311862,-0.9649,0.8948,0.4823,2.3272,10.1083,-1.6209,left
68,311885,-0.1684,1.7064,0.008,5.1523,9.2201,3.1747,left
69,318766,-0.292,0.7517,-0.1282,-1.4198,11.5855,-2.9616,left
69,318789,-0.5521,0.5524,-0.1098,1.2833,12.0668,-2.1811,left
69,318813,-0.0416,1.8061,-0.5383,2.2745,14.4969,-2.5738,left
69,318836,0.2518,1.0304,-0.5247,-0.7278,15.1218,-1.8004,left
69,318859,-0.1633,0.0605,-0.2742,-2.4852,10.8218,-0.1724,left
69,318882,0.1231,1.0373,-0.3222,-3.6536,8.2768,0.6393,left
69,318905,0.3965,1.7552,-0.2718,-2.7294,8.3725,-0.9529,left
69,318928,0.486,1.6667,-0.1591,-0.9385,9.8114,-2.3032,left
69,318951,0.5079,1.8503,-0.2334,1.2378,10.3765,-4.7836,left
69,318974,0.1921,1.1871,-0.125,-0.6345,9.5816,-4.8387,left
69,318997,-0.3118,1.4943,-0.0783,-2.3942,8.928,-3.486,left
69,319020,-0.3269,1.4607,0.0213,-1.6448,7.8745,-2.229,left
70,338119,-0.093,0.7141,0.3853,-2.5331,9.4954,-2.6647,left
70,338142,-0.0301,0.4655,0.4876,-0.7638,10.6183,-2.1284,left
70,338165,0.0978,0.6707,0.4831,-0.0862,10.7907,-2.6743,left
70,338188,0.0645,0.5268,0.5452,0.7446,10.7691,-3.9672,left
70,338211,0.3525,0.1833,0.5793,-0.1101,11.7531,-4.0223,left
70,338234,0.7749,0.732,0.3467,0.2227,13.6757,-3.8235,left
70,338258,-0.0658,0.7389,0.2838,0.3065,12.5839,-2.7653,left
70,338281,-1.0954,0.9494,0.312,1.4844,9.6702,-1.64,left
70,338304,-0.1679,1.9281,-0.0666,4.537,7.3622,3.225,left
70,338327,0.5665,1.0206,-0.3872,2.6025,8.2768,-1.4533,left
70,338350,1.1415,0.1604,-0.405,-0.5076,10.7907,-2.0901,left
70,338373,0.8801,0.6161,-0.4274,-1.233,10.5441,-1.9106,left
71,348981,-0.2385,0.4178,0.4154,-2.7485,10.5177,-2.1045,left
71,349004,-0.1111,0.5369,0.5252,-0.838,10.896,-2.241,left
71,349027,0.1071,1.3997,0.4482,2.0255,11.2671,-5.2672,left
71,349050,-0.2806,0.5891,0.6328,0.7709,11.0205,-4.2713,left
71,349073,0.2697,-0.1876,0.6129,1.4796,12.6629,-3.0813,left
71,349096,1.0949,1.3494,0.0589,-0.3639,13.7786,-2.7701,left
71,349119,-0.1231,0.6765,0.3142,-0.7973,11.4443,-2.1428,left
71,349142,-1.0341,1.339,0.3533,2.2553,9.3925,-1.7789,left
71,349165,-0.6206,2.6473,-0.1314,5.6838,8.2672,2.2266,left
71,349188,0.1737,0.8705,-0.2918,2.466,9.1985,-0.6871,left
71,349213,0.5313,0.4325,-0.3293,0.9553,11.5927,-2.0494,left
71,349236,0.6342,0.7093,-0.3544,-1.8411,10.3382,-0.6369,left
72,356640,-1.9169,1.0869,0.3693,-0.9529,11.7795,-3.4548,left
72,356663,-1.1778,2.3569,-0.0365,9.0261,10.9918,10.4794,left
72,356686,-0.1913,1.5958,-0.3653,3.7014,12.4666,-0.9888,left
72,356709,0.4719,1.0064,-0.3696,1.6927,11.2982,-2.3918,left
72,356732,1.2907,0.8711,-0.5292,-1.1013,8.1762,-1.1732,left
72,356755,0.656,0.6305,-0.0655,-5.43,7.6758,-8.8538,left
72,356778,-0.061,1.6907,0.1367,-1.7765,7.4244,-3.1915,left
72,356801,0.0751,1.6585,0.1964,0.2179,7.8626,-2.3056,left
72,356824,-0.0083,2.0491,0.0541,2.4014,8.6024,-4.063,left
72,356847,-0.3267,1.5777,0.0165,1.9369,8.3534,-4.1803,left
72,356870,-0.2907,1.2846,0.0176,0.7446,9.1171,-3.9504,left
72,356893,-0.2547,1.5236,0.0277,-1.4102,9.9982,-4.4149,left
73,376520,-0.8489,1.3187,0.3568,7.6255,8.6718,5.521,left
73,376543,0.0978,1.8458,-0.1258,6.7014,7.4124,-1.0702,left
73,376566,-0.1327,0.8418,-0.3373,4.2976,8.1163,-2.9951,left
73,376589,0.2395,-0.7581,-0.2308,-0.9361,9.9288,0.1341,left
73,376612,0.2366,-0.0973,-0.3917,-2.4493,11.4874,0.3591,left
73,376635,0.8338,0.7005,-0.2633,-4.4005,9.7564,0.0766,left
73,376658,1.2609,0.9944,0.0234,-1.075,8.7508,-1.834,left
73,376681,0.668,2.5279,-0.1218,5.1739,10.0844,-8.1259,left
73,376704,-0.4199,1.1311,0.1399,3.7421,8.1139,-5.138,left
73,376727,-0.4397,0.7088,0.1247,2.0135,8.5401,-2.5043,left
73,376750,0.0573,0.756,0.0136,0.838,9.0549,-1.8292,left
73,376774,0.3712,1.3885,-0.1386,-0.2442,9.2703,-2.0638,left
74,394480,-0.4104,0.9766,0.0067,-3.4261,4.9728,-4.9057,left
74,394503,-0.388,1.1437,0.0525,-2.4517,6.3614,-2.6384,left
74,394526,-0.3142,0.9883,0.1159,-2.3104,8.9663,-2.1237,left
74,394549,-0.2561,0.6638,0.222,-1.9704,9.6414,-1.5251,left
74,394572,0.2438,0.7322,0.1783,-1.2306,8.5353,-1.8316,left
74,394595,0.2459,0.5191,0.2982,-1.8387,8.5258,-5.2409,left
74,394618,0.056,0.7807,0.3533,-1.2857,9.0285,-4.2114,left
74,394641,-0.0533,0.6731,0.3992,-1.0846,10.2161,-3.0382,left
74,394664,0.052,0.5489,0.4636,-1.4341,10.6446,-3.158,left
74,394687,-0.0861,0.6965,0.5625,-0.9697,10.0604,-4.1683,left
74,394710,-0.0826,0.8524,0.643,-0.7566,9.7899,-4.3311,left
74,394733,0.1601,0.3778,0.7506,-0.9601,10.082,-2.8371,left
75,412406,-0.0632,0.9614,-0.4831,-3.4141,13.2351,-3.067,left
75,412429,-0.9329,1.5628,-0.2068,-4.9105,9.1985,-1.9465,left
75,412452,-0.9217,1.8959,-0.0155,-3.5674,8.7293,-0.4286,left
75,412475,-0.2793,1.9414,-0.0522,-1.6879,10.2735,-1.0319,left
75,412498,0.692,2.0342,-0.2294,-0.5674,10.1418,-2.2529,left
75,412521,0.2108,1.8146,-0.0925,-0.395,9.9455,-8.0254,left
75,412544,-0.4434,2.0099,-0.053,-0.7638,8.6407,-3.3782,left
75,412567,-0.4628,1.6635,-0.0533,-1.0463,7.6782,-1.8794,left
75,412590,-0.1847,1.7499,-0.1545,-1.7669,7.1395,-2.8395,left
75,412613,-0.4104,1.7523,-0.0661,-2.2434,7.2496,-4.5586,left
75,412636,-0.4314,1.6577,0.0051,-2.4181,7.1036,-3.3615,left
75,412659,-0.3754,1.2793,0.0978,-2.8922,7.3215,-3.158,left
76,422517,-1.6268,1.7933,0.3038,3.8475,9.651,-1.8459,left
76,422540,0.1367,2.0331,-0.2686,4.458,8.0637,2.2194,left
76,422563,0.6552,0.0269,-0.3677,1.1779,8.983,-1.4653,left
76,422586,0.6957,0.3619,-0.5271,-0.9194,10.9032,-1.0846,left
76,422609,0.991,0.8945,-0.4602,-3.3902,10.5489,-1.9585,left
76,422633,0.4167,1.4717,-0.0264,-0.7087,9.6391,-4.6639,left
76,422656,-0.0373,1.7725,0.0605,2.3631,8.9591,-4.4796,left
76,422679,-0.2401,1.1985,0.1159,2.1811,7.8219,-3.122,left
76,422702,-0.1476,0.9092,0.0746,1.7478,7.7069,-2.4373,left
76,422725,0.3254,0.895,-0.0754,0.2897,7.6519,-2.466,left
76,422748,-0.1484,1.1056,0.0469,-1.3288,8.6383,-6.5362,left
76,422771,-0.4258,1.4037,0.141,-0.7542,8.5976,-3.462,left
77,429865,-0.1239,0.8388,0.671,-0.4621,10.9176,-3.2489,left
77,429888,-0.0554,0.6899,0.8079,0.3591,10.1921,-3.5314,left
77,429911,0.5236,0.3906,0.696,0.7733,11.2982,-3.5961,left
77,429934,1.2406,1.3723,0.1532,-0.5004,13.0436,-4.3167,left
77,429957,-0.3373,1.1455,0.3714,0.5339,12.5743,-3.644,left
77,429980,-1.8237,1.3049,0.4543,2.6671,11.0445,-2.0494,left
77,430003,-0.3003,2.5866,-0.1799,6.3207,9.9264,2.6839,left
77,430026,0.5894,0.4191,-0.3112,1.8268,10.0485,-1.7597,left
77,430049,0.9808,0.7322,-0.4847,0.7949,10.7978,-1.7549,left
77,430072,1.2939,0.5217,-0.4461,-7.5609,10.0293,-8.0445,left
77,430095,-0.1569,1.5327,-0.0218,-1.3072,8.2265,-5.3343,left
77,430118,-0.2244,1.2566,0.1873,0.2849,7.9535,-2.3607,left
78,439517,-0.5209,1.3265,0.1996,3.3375,9.414,-2.2673,left
78,439540,-1.0485,2.3262,-0.316,4.8602,10.0126,-2.7054,left
78,439563,0.2928,-0.126,-0.1402,2.1284,10.331,0.8643,left
78,439589,0.2603,-0.3142,-0.2174,0.7302,11.5113,-0.8859,left
78,439613,1.0203,0.3262,-0.3421,-1.3958,9.1219,-0.4717,left
78,439637,1.7349,0.7221,-0.2907,-4.4891,8.0924,-4.5203,left
78,439660,-0.089,1.3254,0.0991,1.075,8.2839,-6.8546,left
78,439683,-0.6395,1.2143,0.1815,2.3942,7.0605,-3.5051,left
78,439706,-0.3797,0.7104,0.0877,2.2913,6.8498,-2.3727,left
78,439729,0.1919,0.6358,-0.0978,1.6616,7.422,-2.6671,left
78,439752,0.2206,0.7869,-0.1756,-1.9728,8.3773,-5.861,left
78,439775,-0.5063,1.2257,-0.0266,-1.2498,8.7652,-4.4173,left
79,457360,0.2188,0.8412,0.2697,-1.7382,9.5074,-3.5865,left
79,457383,0.1993,0.5017,0.3547,-2.6983,9.6845,-4.3287,left
79,457406,0.2348,0.6336,0.4072,-2.5833,10.4962,-3.7326,left
79,457429,-0.0173,0.9595,0.5068,-1.4509,10.9654,-3.1244,left
79,457452,-0.1927,1.1596,0.6046,-0.6297,9.9599,-2.3415,left
79,457475,0.0687,1.4925,0.5897,0.0455,11.9016,-4.1372,left
79,457498,0.2281,0.481,0.6811,0.8571,14.5472,-3.8786,left
79,457521,0.9334,1.9177,0.1857,2.6073,14.6381,-4.1539,left
79,457544,-0.4956,1.2337,0.3459,0.1437,11.6526,-2.387,left
79,457567,-1.4528,1.1924,0.3613,4.1755,9.5553,5.6575,left
79,457590,0.04,1.9324,-0.2238,1.585,9.6007,0.1556,left
79,457613,0.4655,0.8772,-0.3155,0.0982,9.1435,-0.7207,left
80,464981,-0.0621,1.089,0.1847,-2.0446,9.402,-4.5586,left
80,465004,0.0826,1.0211,0.1178,-4.6807,12.888,-7.3574,left
80,465027,-1.1048,0.5572,0.5729,-4.3718,11.1115,-1.166,left
80,465050,-1.5711,0.0208,0.8668,0.1796,10.1107,2.0111,left
80,465073,0.2403,-0.0237,0.8143,-1.7214,10.5105,0.7901,left
80,465096,2.1184,1.1511,0.4884,1.8747,12.4738,-2.0853,left
80,465119,2.0211,2.3454,-0.1146,3.5698,16.1154,-10.1035,left
80,465142,0.4327,1.1263,0.1322,1.2498,12.3182,-5.0111,left
80,465165,-0.8511,0.9443,0.3227,1.0151,9.4284,-2.2745,left
80,465188,-1.5183,0.4189,0.3704,2.1165,8.0756,2.8994,left
80,465211,0.1948,1.1911,-0.1066,0.6201,9.1818,0.6009,left
80,465234,0.9289,0.7045,-0.2542,0.34,10.2352,-1.5443,left
81,475387,-0.3525,0.9036,-0.239,1.0295,10.4387,-4.6639,left
81,475410,-0.1535,0.7522,-0.2822,1.9561,10.738,-3.2417,left
81,475433,0.4463,0.9894,-0.5441,3.1723,10.556,-2.8826,left
81,475456,1.0893,1.6222,-1.0011,3.7972,13.283,-5.0182,left
81,475479,1.2356,0.9848,-1.0054,-0.3591,16.4625,-5.0063,left
81,475502,-0.5756,0.3051,-0.5263,-5.3558,14.9039,-4.0103,left
81,475525,-1.6318,0.3373,-0.126,-6.2153,9.3326,0.8045,left
81,475548,-0.7051,0.9547,0.0141,-3.2394,7.5369,2.9113,left
81,475571,0.5425,1.7752,-0.1263,1.4916,8.5784,-1.9776,left
81,475594,1.4141,2.4789,-0.5025,2.5283,7.9607,-3.3615,left
81,475617,0.17,1.3171,-0.2102,1.5131,9.1123,-9.4834,left
81,475640,-0.6829,1.1959,-0.2374,-0.7949,8.193,-3.9265,left
82,483162,-0.676,0.8665,-0.376,-5.8873,10.58,-2.7581,left
82,483185,-1.3768,0.8569,-0.0088,-4.5753,9.675,0.1125,left
82,483208,-0.7746,1.0744,0.0594,-1.2522,9.1554,0.2107,left
82,483231,0.4935,1.9345,-0.1154,1.6927,8.6455,-1.1779,left
82,483254,1.4983,3.0907,-0.4447,2.0614,8.8226,-3.5314,left
82,483277,0.595,1.2457,-0.2835,-1.1827,7.8793,-6.7181,left
82,483300,-0.7128,1.3371,-0.23,-1.7382,7.5992,-5.3175,left
82,483323,-0.7384,1.5095,-0.1647,-3.0622,6.8019,-1.9273,left
82,483346,-0.1998,1.586,-0.0927,-2.7725,7.3981,-2.8587,left
82,483369,-0.182,1.6361,-0.0253,-2.1787,8.169,-3.6512,left
82,483392,-0.2755,1.5929,0.0325,-2.4086,8.5234,-3.2992,left
82,483415,-0.2398,1.4059,0.1266,-2.739,8.5377,-2.5498,left
83,493420,0.3696,0.2028,-0.3952,-2.2649,9.6893,-0.328,left
83,493443,1.2502,0.8711,-0.3874,-1.7741,8.7891,-1.5514,left
83,493466,1.0048,0.8966,-0.1553,0.3256,8.8155,-6.8953,left
83,493489,-0.2609,1.5908,-0.0906,1.2977,8.0804,-5.1715,left
83,493512,-0.4844,0.7506,0.1649,1.8507,8.2169,-2.9137,left
83,493535,-0.4506,0.9337,0.1164,2.0662,7.9535,-2.4732,left
83,493558,-0.2038,0.9214,0.0584,1.0008,7.3861,-1.9154,left
83,493581,0.4271,1.1514,-0.2044,0.3376,8.0685,-3.2202,left
83,493604,-0.1199,0.7687,-0.0378,-2.1165,8.7005,-7.7333,left
83,493627,-0.3083,0.9417,0.0461,-1.0558,7.6782,-3.5745,left
83,493650,0.2001,1.0126,-0.025,0.7661,7.3263,-2.8922,left
83,493673,0.2318,2.0504,-0.3349,2.8467,8.3606,-4.6687,left
84,511114,-0.0035,1.2244,-0.6427,0.9266,15.0428,-5.8514,left
84,511137,-0.4967,1.1109,-0.5353,-1.9848,13.8888,-1.9106,left
84,511160,-1.222,0.6259,-0.3829,-3.2441,10.1011,-0.103,left
84,511183,-0.728,1.3363,-0.2875,-5.3463,7.3382,3.7326,left
84,511206,0.2241,1.5932,-0.17,-1.4006,8.1834,-0.3831,left
84,511229,1.1405,2.5055,-0.4026,0.6584,8.6766,-2.4325,left
84,511252,0.6323,1.9281,-0.316,-0.5124,8.6095,-9.0836,left
84,511275,-0.5327,1.6108,-0.2262,-0.0168,8.1618,-4.9991,left
84,511298,-0.7661,1.4674,-0.2459,-1.3503,8.3246,-2.4972,left
84,511321,-0.5804,1.6158,-0.1583,-2.9999,8.0876,-2.4517,left
84,511344,-0.3315,1.8453,-0.0805,-2.0734,7.8123,-3.1244,left
84,511367,-0.3043,1.9686,-0.0298,-1.5083,8.0685,-4.0534,left
85,518731,0.6595,1.8191,-0.6662,4.4819,10.2304,-6.3997,left
85,518754,0.3416,1.4104,-0.6478,1.6472,11.5401,-6.6248,left
85,518777,0.4431,1.2617,-0.6438,1.075,13.5919,-3.6775,left
85,518800,-0.1839,0.7165,-0.6297,-8.3797,13.1298,-5.1858,left
85,518823,-1.9782,0.8052,-0.1292,-8.3534,10.1754,0.5555,left
85,518846,-1.1362,1.0072,0.1929,-3.4261,10.2208,3.486,left
85,518869,0.5833,1.8421,0.0173,2.2075,10.0556,-2.2673,left
85,518892,1.9404,2.6593,-0.4269,2.739,9.3398,-5.6192,left
85,518915,0.0653,1.3384,-0.1951,1.0582,9.0166,-8.8131,left
85,518938,-0.7256,1.4602,-0.2113,-1.0247,7.6734,-3.2872,left
85,518961,-0.7533,1.2593,-0.2108,-1.913,6.2201,-1.3216,left
85,518984,-0.4255,1.5239,-0.1498,-3.3016,5.8131,-3.2058,left
86,529366,-0.3984,1.2566,0.1996,1.8627,8.7963,-2.5594,left
86,529389,0.028,0.8447,0.1468,2.1165,7.8985,-2.2146,left
86,529412,0.5431,0.9523,-0.1127,2.332,8.0349,-3.9337,left
86,529435,0.3533,0.9164,-0.2526,0.4022,8.8346,-7.2042,left
86,529459,-0.1186,1.2516,-0.3163,-0.1125,9.6534,-5.351,left
86,529482,-0.1234,1.1954,-0.3491,-0.7422,10.1418,-3.292,left
86,529505,-0.1681,0.6963,-0.2859,-0.1245,9.7181,-1.8028,left
86,529528,0.4096,1.4088,-0.5846,3.3232,11.1235,-2.5738,left
86,529551,0.7541,1.8644,-0.9374,1.2881,14.1114,-3.1101,left
86,529574,0.6366,1.145,-0.7741,-1.5969,15.3037,-2.5522,left
86,529597,-0.4064,0.6153,-0.514,-4.9895,11.552,-1.1827,left
86,529620,-1.0395,0.6542,0.0541,-7.5872,9.9479,0.7661,left
87,536854,-0.607,0.8871,0.2009,2.5762,6.6559,-2.5738,left
87,536878,0.1529,0.6454,0.0112,2.5929,7.3167,-2.7725,left
87,536901,0.6901,0.8649,-0.2294,-2.648,8.2121,-8.2217,left
87,536924,-0.8764,1.4525,-0.0043,-1.652,8.7269,-5.5881,left
87,536947,-1.0437,1.1008,0.2814,-1.7166,9.3374,-1.652,left
87,536970,-0.6166,1.0032,0.323,0.4381,8.509,-1.2139,left
87,536993,0.1276,1.5204,0.1154,1.7071,7.6926,-1.6257,left
87,537016,0.5137,1.7523,-0.166,2.7533,7.5489,-2.976,left
87,537039,0.4231,1.2039,-0.3293,2.5043,8.7221,-6.3375,left
87,537062,0.032,0.3856,-0.2875,0.6871,10.0173,-5.9831,left
87,537085,0.1234,0.9289,-0.5151,-1.6664,10.6183,-3.3423,left
87,537108,0.3283,0.9502,-0.4628,-1.482,10.3932,-3.3016,left
88,546945,0.4058,1.9894,-0.6454,3.4884,13.5608,-5.4372,left
88,546968,0.4159,1.2412,-0.6414,1.0319,14.4155,-4.3263,left
88,546991,0.3653,1.0754,-0.6544,-0.8356,12.7946,-2.9161,left
88,547014,-0.5625,0.8591,-0.5137,-4.0462,9.991,-1.5179,left
88,547038,-1.3179,0.6443,-0.1535,-5.0757,7.5944,0.6608,left
88,547061,-0.4772,1.1618,0.0181,-1.8579,7.7069,0.0096,left
88,547085,0.8849,2.0488,-0.2398,0.7829,8.5042,-1.5131,left
88,547108,1.1746,2.5303,-0.6059,1.2809,9.007,-5.6336,left
88,547131,-0.2153,1.0605,-0.1532,0.4525,8.8298,-6.4069,left
88,547154,-0.765,1.2873,-0.1042,-1.9992,7.7405,-2.4588,left
88,547177,-0.3152,1.4629,-0.101,-2.9449,7.6231,-1.5706,left
88,547200,-0.0568,1.3526,-0.0021,-2.8012,8.0349,-4.2329,left
89,554523,-0.2414,1.2257,-0.2006,0.4118,10.5704,-5.1954,left
89,554546,-0.4143,0.6872,-0.0911,-0.4429,11.2887,-2.727,left
89,554569,-0.1572,0.5697,-0.1242,1.1133,9.4643,-1.7047,left
89,554592,0.644,1.2329,-0.5454,3.6559,9.4691,-2.375,left
89,554615,1.1418,2.3673,-1.1887,4.1611,11.5209,-7.774,left
89,554638,0.7576,0.737,-0.8633,-0.2155,14.4251,-6.7014,left
89,554661,-0.3251,1.3475,-0.6702,-5.2481,14.3245,-4.7501,left
89,554684,-2.4149,0.6051,-0.134,-7.7835,10.7141,1.1827,left
89,554707,-0.8066,0.9353,-0.1524,-4.4197,9.6917,4.0677,left
89,554730,0.5678,1.9644,-0.2523,0.3352,9.3398,-2.5379,left
89,554753,0.8783,1.6329,-0.2675,-2.2338,8.3462,-8.825,left
89,554776,0.328,2.2905,-0.2201,-0.3711,8.2959,-7.1778,left
90,572061,0.462,0.3616,-0.1444,-2.7246,7.774,-4.6448,left
90,572084,-0.2699,0.8218,0.0213,-3.1101,5.6719,-5.1236,left
90,572107,-0.308,1.6787,0.0861,-1.1109,4.7309,-2.3248,left
90,572130,-0.4082,1.7232,0.0981,0.0335,6.3638,-1.5778,left
90,572153,-0.1689,1.6888,-0.1055,-0.0479,7.6591,-2.1596,left
90,572176,-0.3163,0.2324,0.0029,-3.541,8.4659,-4.6471,left
90,572199,-0.178,0.9153,0.1242,-4.0031,7.5848,-3.4429,left
90,572222,-0.0815,0.9052,0.2606,-2.2697,7.6543,-1.9704,left
90,572245,0.0898,0.7258,0.3395,-1.7119,7.7548,-1.8962,left
90,572268,0.3184,0.5401,0.3813,-1.719,8.9615,-4.4796,left
90,572291,0.2923,0.6006,0.3288,-1.1732,11.6454,-6.4165,left
90,572314,0.077,0.6414,0.275,-2.6528,13.3142,-5.6647,left
91,582099,0.8271,0.7586,0.562,2.1787,12.9431,-4.9536,left
91,582122,-0.1303,1.2604,0.3941,0.8811,14.4299,-4.3838,left
91,582145,-2.2236,0.1687,0.7253,-0.0144,10.7571,-0.6464,left
91,582168,0.4213,1.773,0.0213,3.5291,10.3597,1.8244,left
91,582191,0.8657,2.1221,-0.3589,3.8116,9.9838,-3.1005,left
91,582214,0.4471,0.7866,-0.3123,0.1748,9.7827,-2.0303,left
91,582237,0.6925,0.2142,-0.2377,0.3903,10.0245,-2.5522,left
91,582260,0.4682,0.3786,-0.0602,-3.0574,8.7269,-5.4827,left
91,582283,-0.0245,1.0928,0.048,-0.8068,7.6734,-3.62,left
91,582306,-0.0754,1.0224,0.1066,0.5914,7.4603,-2.4708,left
91,582329,0.0147,1.0357,0.0855,1.1947,7.1898,-2.5426,left
91,582352,-0.0466,0.8178,0.0767,0.9529,7.2065,-2.806,left
92,589734,-0.1037,0.4434,0.4301,-1.1827,11.066,-2.1955,left
92,589757,-0.1242,0.6955,0.5132,-0.3376,10.7619,-2.545,left
92,589780,0.0757,0.7208,0.6334,0.1269,11.2719,-4.4388,left
92,589803,0.5391,0.2795,0.6451,0.747,12.6893,-5.3941,left
92,589826,0.8316,1.0858,0.3472,-1.2665,13.6709,-4.7357,left
92,589849,-0.922,0.7298,0.6209,0.486,11.2575,-2.4852,left
92,589872,-1.186,1.7357,0.3443,7.0222,8.2744,7.6974,left
92,589895,0.1092,2.1994,-0.2316,5.2122,9.6199,-0.1891,left
92,589918,0.3752,0.2361,-0.2982,1.4054,9.8617,-1.7885,left
92,589941,0.4642,0.3629,-0.4311,-0.3041,10.8338,-0.9026,left
92,589964,1.311,1.0248,-0.5124,-1.8842,9.5696,-1.0271,left
92,589987,0.9041,0.7903,-0.0919,-1.2689,9.2009,-6.4165,left
