y_true,y_pred,confidence,prob_jump,prob_left,prob_right,prob_straight
jump,jump,0.9885197,0.9885197,0.005481345,0.0020632807,0.0039356705
jump,jump,0.9879274,0.9879274,0.005991622,0.0021310647,0.003949895
jump,jump,0.9939546,0.9939546,0.001961657,0.0011596786,0.002924061
jump,jump,0.99297804,0.99297804,0.0023383482,0.0015140029,0.0031695983
jump,jump,0.99081975,0.99081975,0.0041610193,0.0018299529,0.0031892748
jump,jump,0.98652434,0.98652434,0.007453575,0.0022210062,0.0038010185
jump,jump,0.98722005,0.98722005,0.0064171203,0.0023657323,0.00399712
jump,jump,0.9884526,0.9884526,0.005066469,0.0021869596,0.0042939326
jump,jump,0.9891762,0.9891762,0.0046721073,0.0020472917,0.00410443
jump,jump,0.9948613,0.9948613,0.0015314053,0.0013223154,0.0022848533
jump,jump,0.995615,0.995615,0.0010204356,0.0009120689,0.0024523726
jump,jump,0.9901084,0.9901084,0.004286037,0.0018088911,0.003796724
jump,jump,0.9908104,0.9908104,0.0040568225,0.0018496709,0.003283099
jump,jump,0.9871475,0.9871475,0.0058750273,0.0024045652,0.004572778
jump,jump,0.9876779,0.9876779,0.006283135,0.0023265213,0.0037124949
jump,jump,0.992607,0.992607,0.0030641393,0.001561954,0.0027670327
jump,jump,0.98987806,0.98987806,0.004671547,0.002108955,0.003341525
jump,jump,0.99103266,0.99103266,0.002857093,0.0019731857,0.0041370834
jump,jump,0.99028426,0.99028426,0.0042972355,0.0019670587,0.003451438
jump,jump,0.9857348,0.9857348,0.007402874,0.0024015869,0.004460808
jump,jump,0.99162394,0.99162394,0.0028506222,0.0017428396,0.00378263
jump,jump,0.99133533,0.99133533,0.0040421374,0.0023383524,0.0022842563
jump,jump,0.9925372,0.9925372,0.0027615842,0.00227921,0.0024220324
jump,jump,0.9921673,0.9921673,0.0025483342,0.00163954,0.0036447705
jump,jump,0.9916911,0.9916911,0.0022645665,0.0019275127,0.004116755
jump,jump,0.9869639,0.9869639,0.0068386733,0.0021280423,0.0040693744
jump,jump,0.98920715,0.98920715,0.004578968,0.0020431243,0.0041708504
jump,jump,0.9943136,0.9943136,0.0016117321,0.0012556367,0.0028190326
jump,jump,0.99482936,0.99482936,0.0010344099,0.000988849,0.0031474966
jump,jump,0.99280965,0.99280965,0.0027435708,0.0013407097,0.0031061287
jump,jump,0.9919601,0.9919601,0.0027264792,0.0017514838,0.0035618353
jump,jump,0.9877793,0.9877793,0.0062451125,0.0020828857,0.003892662
jump,jump,0.98726624,0.98726624,0.0068223896,0.0021018807,0.0038093769
jump,jump,0.9937172,0.9937172,0.0023364571,0.0014705731,0.002475718
jump,jump,0.9949752,0.9949752,0.0011774513,0.0009709802,0.0028764282
jump,jump,0.9904428,0.9904428,0.004474219,0.0018790291,0.003203816
jump,jump,0.988691,0.988691,0.0051802564,0.0022436618,0.003885179
jump,jump,0.9863006,0.9863006,0.0060513667,0.0025293527,0.005118626
jump,jump,0.9874529,0.9874529,0.0062770336,0.0025227866,0.0037471817
jump,jump,0.9908125,0.9908125,0.0044771694,0.0016973926,0.003012921
jump,jump,0.99179536,0.99179536,0.0023962087,0.0023667838,0.0034417505
jump,jump,0.99026686,0.99026686,0.003252816,0.002052178,0.004428177
jump,jump,0.9895266,0.9895266,0.0019511431,0.0027753506,0.0057467786
jump,jump,0.9864683,0.9864683,0.0061024367,0.0027828356,0.004646411
jump,jump,0.98818934,0.98818934,0.0053073466,0.0021337867,0.004369609
jump,jump,0.9923537,0.9923537,0.003210045,0.0023104565,0.0021257526
jump,jump,0.9951674,0.9951674,0.0013334621,0.0013205681,0.0021785493
jump,jump,0.993054,0.993054,0.002380944,0.001287829,0.0032771404
jump,jump,0.98989785,0.98989785,0.0038929447,0.0020270678,0.0041821236
jump,jump,0.9872224,0.9872224,0.0058807284,0.0025980182,0.0042988765
jump,jump,0.9892413,0.9892413,0.0040538916,0.00216143,0.004543368
jump,jump,0.99514645,0.99514645,0.0013896729,0.0009537874,0.0025101334
jump,jump,0.9943663,0.9943663,0.0015419386,0.0010360639,0.0030557518
jump,jump,0.9913765,0.9913765,0.0031991664,0.0020822594,0.0033420036
jump,jump,0.9925645,0.9925645,0.002125892,0.001473205,0.0038364094
jump,jump,0.99081826,0.99081826,0.003424803,0.0017528362,0.004004088
jump,jump,0.9948886,0.9948886,0.0011842586,0.0009806554,0.0029464965
jump,jump,0.99180436,0.99180436,0.0032037778,0.0020593717,0.0029325285
jump,jump,0.9926455,0.9926455,0.0028357597,0.0019093866,0.0026093703
jump,jump,0.99414,0.99414,0.0017635295,0.0013669718,0.0027294627
jump,jump,0.98952264,0.98952264,0.0050163637,0.0021683571,0.0032926728
jump,jump,0.987538,0.987538,0.006284942,0.002221706,0.003955431
jump,jump,0.9874796,0.9874796,0.005351591,0.0026772707,0.0044914763
jump,jump,0.99478614,0.99478614,0.0015791063,0.0010956331,0.002539092
jump,jump,0.99170095,0.99170095,0.0037475582,0.0021097793,0.0024417706
jump,jump,0.99411196,0.99411196,0.001773065,0.0013158914,0.002799005
jump,jump,0.9884559,0.9884559,0.005189721,0.0023297644,0.0040245736
jump,jump,0.9883935,0.9883935,0.004760339,0.002234731,0.004611503
jump,jump,0.9952767,0.9952767,0.001407573,0.00110753,0.0022080743
jump,jump,0.99460214,0.99460214,0.0011856656,0.0010335736,0.003178668
jump,jump,0.99090815,0.99090815,0.003607311,0.0015759814,0.003908562
jump,jump,0.99161786,0.99161786,0.0027494181,0.0016854351,0.003947256
jump,jump,0.9852041,0.9852041,0.0076914146,0.002672142,0.004432336
jump,jump,0.9872823,0.9872823,0.006209739,0.002227912,0.004280068
jump,jump,0.9894204,0.9894204,0.0041065556,0.0019729426,0.0045001325
jump,jump,0.99330044,0.99330044,0.0024157164,0.0019514089,0.0023324348
jump,jump,0.99237955,0.99237955,0.0028583212,0.0019353478,0.0028267577
jump,jump,0.9860962,0.9860962,0.0070043453,0.0023962765,0.004503224
jump,jump,0.98749244,0.98749244,0.006047278,0.0022999498,0.004160338
jump,jump,0.9874635,0.9874635,0.006014536,0.0022229063,0.004299041
jump,jump,0.98825383,0.98825383,0.0043272995,0.0023148253,0.005104049
jump,jump,0.9927563,0.9927563,0.0021561712,0.0015963096,0.0034911826
jump,jump,0.99172664,0.99172664,0.0035805046,0.002022118,0.0026708343
jump,jump,0.9901479,0.9901479,0.004171623,0.0019053563,0.0037752131
jump,jump,0.98567563,0.98567563,0.007590095,0.0023289635,0.0044052657
jump,jump,0.98808634,0.98808634,0.00588823,0.0020101096,0.004015267
jump,jump,0.9907678,0.9907678,0.003073649,0.0018158653,0.004342641
jump,jump,0.99202806,0.99202806,0.0028550888,0.0016089003,0.0035079147
jump,jump,0.9903092,0.9903092,0.00468208,0.002167145,0.0028416698
jump,jump,0.9938823,0.9938823,0.0015731936,0.0012289596,0.0033154897
jump,jump,0.99484503,0.99484503,0.0015845652,0.0010745458,0.0024957764
jump,jump,0.99475634,0.99475634,0.001540525,0.0011581616,0.0025449044
jump,jump,0.99233973,0.99233973,0.002956763,0.0016604937,0.0030429282
jump,jump,0.9948021,0.9948021,0.0011566762,0.0010311953,0.0030100385
jump,jump,0.99173415,0.99173415,0.003364368,0.0020696803,0.002831826
jump,jump,0.98640084,0.98640084,0.0072462442,0.002250005,0.00410287
jump,jump,0.9700273,0.9700273,0.022661304,0.0029536728,0.004357611
jump,jump,0.9861994,0.9861994,0.007680711,0.0023231804,0.0037967653
jump,jump,0.99155784,0.99155784,0.0039559356,0.0016141515,0.0028720817
jump,jump,0.99507034,0.99507034,0.0013923084,0.0009953693,0.0025421206
jump,jump,0.99327266,0.99327266,0.00230689,0.0013558874,0.003064516
jump,jump,0.9926847,0.9926847,0.0029368899,0.0019935067,0.002384871
jump,jump,0.98860383,0.98860383,0.0055301306,0.0019584065,0.0039076237
jump,jump,0.9886198,0.9886198,0.00572044,0.0020204107,0.003639321
jump,jump,0.9946239,0.9946239,0.0013318324,0.0010582996,0.0029859296
jump,jump,0.9941103,0.9941103,0.0016060184,0.0011324617,0.0031512023
jump,jump,0.9894393,0.9894393,0.0048549823,0.0019385742,0.003767081
jump,jump,0.990069,0.990069,0.0035408118,0.0019851627,0.004405013
jump,jump,0.9874548,0.9874548,0.0062791854,0.0021175523,0.004148482
jump,jump,0.98854876,0.98854876,0.005715626,0.0020735548,0.003662037
jump,jump,0.99064165,0.99064165,0.004433422,0.001801163,0.003123733
jump,jump,0.993715,0.993715,0.002263931,0.001197644,0.0028234548
jump,jump,0.9939699,0.9939699,0.0020994355,0.0012752563,0.0026553136
jump,jump,0.98825675,0.98825675,0.0047327937,0.0026006433,0.0044098464
jump,jump,0.9936342,0.9936342,0.0019844654,0.0014423426,0.0029389283
jump,jump,0.98856014,0.98856014,0.005845998,0.0021209705,0.0034729035
jump,jump,0.9914219,0.9914219,0.0034552924,0.0016378878,0.0034849157
jump,jump,0.9908433,0.9908433,0.004342067,0.0020783865,0.0027362427
jump,jump,0.99091935,0.99091935,0.0035555186,0.002177799,0.00334736
jump,jump,0.991499,0.991499,0.003650515,0.0017341832,0.003116375
jump,jump,0.988027,0.988027,0.0057692113,0.0022662657,0.0039376067
jump,jump,0.98592377,0.98592377,0.008223737,0.0022372731,0.0036151588
jump,jump,0.99165124,0.99165124,0.0033678713,0.001721996,0.0032587617
jump,jump,0.99519557,0.99519557,0.0013339494,0.0011001957,0.0023702132
jump,jump,0.99470216,0.99470216,0.001132948,0.0010749418,0.0030899965
jump,jump,0.99315876,0.99315876,0.002662581,0.0016983927,0.0024803502
jump,jump,0.9891479,0.9891479,0.004621581,0.0022018545,0.0040286686
jump,jump,0.9913469,0.9913469,0.0029107556,0.0017489853,0.0039933543
jump,jump,0.989926,0.989926,0.0042925975,0.0017583491,0.0040231934
jump,jump,0.99267125,0.99267125,0.0026348988,0.0016969537,0.002996921
jump,jump,0.99191344,0.99191344,0.0030197904,0.0021488138,0.0029179822
jump,jump,0.9901058,0.9901058,0.0038586832,0.00196549,0.0040701805
jump,jump,0.98685724,0.98685724,0.0069940686,0.0021998968,0.0039488045
jump,jump,0.98495066,0.98495066,0.00905653,0.0023264794,0.0036664084
jump,jump,0.9941269,0.9941269,0.0017438278,0.0010988964,0.0030302694
jump,jump,0.9925345,0.9925345,0.0028796783,0.001573202,0.0030126304
jump,jump,0.99058706,0.99058706,0.0034092113,0.0023223315,0.0036814387
jump,jump,0.9930138,0.9930138,0.0021076682,0.0017300589,0.0031484396
jump,jump,0.9893895,0.9893895,0.0044495803,0.0021286611,0.0040323148
jump,jump,0.98424584,0.98424584,0.009572171,0.0023181583,0.003863986
jump,jump,0.9955402,0.9955402,0.0009705786,0.0008458322,0.0026433885
jump,jump,0.99467885,0.99467885,0.0013783452,0.0010471577,0.0028957764
jump,jump,0.9909995,0.9909995,0.003719746,0.0021935622,0.0030870952
jump,jump,0.9900961,0.9900961,0.0033689227,0.002112788,0.0044221557
jump,jump,0.9863077,0.9863077,0.006920946,0.0023358283,0.0044355746
jump,jump,0.9875508,0.9875508,0.0060492447,0.0023320592,0.0040679653
jump,jump,0.99310195,0.99310195,0.0022743028,0.0014684591,0.0031552813
jump,jump,0.99467385,0.99467385,0.0015068228,0.0011702201,0.002649115
jump,jump,0.99272233,0.99272233,0.002459976,0.0017314018,0.003086181
jump,jump,0.9888481,0.9888481,0.005042028,0.002131607,0.003978196
jump,jump,0.9890486,0.9890486,0.005411358,0.0019483584,0.0035916728
jump,jump,0.9866333,0.9866333,0.00721911,0.0023079196,0.0038395948
jump,jump,0.9938374,0.9938374,0.001785111,0.0012170741,0.0031604634
jump,jump,0.99103796,0.99103796,0.004425311,0.001820936,0.0027158607
jump,jump,0.9930895,0.9930895,0.0019711263,0.0014759979,0.0034633595
jump,jump,0.98568845,0.98568845,0.0076443823,0.0023032764,0.0043638097
jump,jump,0.9867748,0.9867748,0.007006967,0.0021711136,0.004047173
jump,jump,0.98722655,0.98722655,0.006490491,0.0023660401,0.0039168936
jump,jump,0.99461466,0.99461466,0.0014862635,0.0010162378,0.0028828061
jump,jump,0.99340385,0.99340385,0.0026809818,0.0014639745,0.0024512562
jump,jump,0.99020326,0.99020326,0.0037902424,0.0023634667,0.0036430978
jump,jump,0.9910227,0.9910227,0.0028708999,0.0019596375,0.0041466383
jump,jump,0.9855716,0.9855716,0.007963147,0.002402222,0.004063039
jump,jump,0.98640543,0.98640543,0.0077324193,0.0022179405,0.0036441563
jump,jump,0.9884433,0.9884433,0.0049421266,0.002177281,0.0044373386
jump,jump,0.9950098,0.9950098,0.0013455208,0.0009020607,0.002742645
jump,jump,0.9952226,0.9952226,0.0009492776,0.0009926968,0.0028354714
jump,jump,0.9915168,0.9915168,0.0032720114,0.0020622192,0.0031490223
jump,jump,0.9863826,0.9863826,0.006221903,0.0025143076,0.0048810923
jump,jump,0.981921,0.981921,0.011660784,0.0024614132,0.003956834
jump,jump,0.98762554,0.98762554,0.006508123,0.0020400328,0.003826333
jump,jump,0.9890519,0.9890519,0.0050554834,0.0019781224,0.0039145746
jump,jump,0.9952095,0.9952095,0.0011017672,0.00088671007,0.0028020206
jump,jump,0.99332315,0.99332315,0.0023454826,0.0012701409,0.003061228
jump,jump,0.9929838,0.9929838,0.001358964,0.0022145382,0.003442779
jump,jump,0.9896169,0.9896169,0.003311384,0.002382319,0.0046895123
jump,jump,0.99328846,0.99328846,0.002237394,0.0014485233,0.0030257637
jump,jump,0.9905505,0.9905505,0.0044097304,0.0025804911,0.0024593577
jump,jump,0.9926587,0.9926587,0.003338742,0.0020387513,0.001963804
jump,jump,0.9943921,0.9943921,0.0013625164,0.0010901525,0.0031553137
jump,jump,0.992082,0.992082,0.0026127333,0.0017067556,0.0035984716
jump,jump,0.9897267,0.9897267,0.0046024434,0.0021139039,0.003556898
jump,jump,0.98983675,0.98983675,0.0045206575,0.0019395509,0.0037031206
jump,jump,0.994961,0.994961,0.0011857802,0.001504433,0.0023487653
jump,jump,0.9936866,0.9936866,0.0011331743,0.0013607672,0.0038194843
jump,jump,0.99273735,0.99273735,0.003316321,0.0016437063,0.0023026385
jump,jump,0.9890359,0.9890359,0.004717085,0.0021023054,0.004144734
jump,jump,0.9847995,0.9847995,0.008994935,0.002374204,0.0038312983
jump,jump,0.99270767,0.99270767,0.0029994317,0.0012329099,0.0030599847
jump,jump,0.99012554,0.99012554,0.0046295957,0.0022973416,0.002947442
jump,jump,0.99180084,0.99180084,0.0021559973,0.0024293663,0.003613911
jump,jump,0.9904813,0.9904813,0.0036508692,0.0020491164,0.0038187092
jump,jump,0.9869963,0.9869963,0.006299726,0.0022919292,0.004412121
jump,jump,0.98997015,0.98997015,0.0046286047,0.0018507815,0.0035504126
jump,jump,0.9958181,0.9958181,0.0010504151,0.0009578944,0.0021735455
jump,jump,0.9954982,0.9954982,0.0007950647,0.0008833593,0.0028232918
jump,jump,0.9923645,0.9923645,0.0031771595,0.0018921176,0.0025663085
jump,jump,0.98936766,0.98936766,0.0049436474,0.0020634267,0.0036253121
jump,jump,0.9879076,0.9879076,0.006318078,0.0021284688,0.0036458825
jump,jump,0.9867662,0.9867662,0.008097816,0.0021404447,0.002995659
jump,jump,0.9951615,0.9951615,0.0016745443,0.0010723774,0.002091742
jump,jump,0.9927812,0.9927812,0.0035954898,0.0018343539,0.0017889584
jump,jump,0.99350715,0.99350715,0.003000425,0.0015886141,0.001903884
jump,jump,0.99192613,0.99192613,0.0030714974,0.0017335161,0.0032688982
jump,jump,0.9904109,0.9904109,0.004109085,0.0019438303,0.0035362479
jump,jump,0.98891723,0.98891723,0.005353972,0.00206441,0.0036642598
jump,jump,0.99500763,0.99500763,0.00148591,0.0011472515,0.0023592676
jump,jump,0.99101275,0.99101275,0.003724774,0.0024366335,0.0028259177
jump,jump,0.9923194,0.9923194,0.0024046076,0.0021806129,0.0030953488
jump,jump,0.99453557,0.99453557,0.0018485386,0.0011233563,0.002492515
jump,jump,0.99238867,0.99238867,0.0024540792,0.0016890381,0.0034681992
jump,jump,0.9891361,0.9891361,0.0048200963,0.0020326406,0.004011162
jump,jump,0.9932312,0.9932312,0.001982695,0.0014536815,0.0033326093
jump,jump,0.9958682,0.9958682,0.0013850642,0.0010901757,0.0016565906
jump,jump,0.99489945,0.99489945,0.0011115514,0.00090838445,0.0030806998
jump,jump,0.99250096,0.99250096,0.002606624,0.001599283,0.0032932186
jump,jump,0.993119,0.993119,0.0022819582,0.0016112303,0.0029877406
jump,jump,0.9899386,0.9899386,0.0042626862,0.0019233121,0.0038754388
jump,jump,0.99388593,0.99388593,0.0017265794,0.001283214,0.0031042234
jump,jump,0.99480504,0.99480504,0.0015136752,0.001269204,0.0024120635
jump,jump,0.99500424,0.99500424,0.00093604997,0.0009142395,0.0031453746
jump,jump,0.9914272,0.9914272,0.0039368323,0.0015736655,0.0030623525
jump,jump,0.990926,0.990926,0.0036741968,0.001850792,0.003548864
jump,jump,0.9895706,0.9895706,0.0050858827,0.0020345112,0.0033089689
jump,jump,0.9946418,0.9946418,0.0018681013,0.0011896965,0.0023004184
jump,jump,0.99053895,0.99053895,0.004699409,0.002657033,0.0021045478
jump,jump,0.9924805,0.9924805,0.002933919,0.0023831946,0.0022023404
jump,jump,0.99027354,0.99027354,0.0035631321,0.0020463844,0.004116985
jump,jump,0.98878396,0.98878396,0.0052196113,0.0019501547,0.0040461556
jump,jump,0.9912383,0.9912383,0.002985117,0.0018292896,0.0039472617
jump,jump,0.9951508,0.9951508,0.0011903645,0.00087026897,0.0027886038
jump,jump,0.99539465,0.99539465,0.0008988169,0.0008703627,0.0028360628
jump,jump,0.99065644,0.99065644,0.0036839955,0.0021256981,0.0035339317
jump,jump,0.9913085,0.9913085,0.0034774148,0.0017294044,0.0034848314
jump,jump,0.98827714,0.98827714,0.0057853297,0.0022297455,0.0037077977
jump,jump,0.9856312,0.9856312,0.00761498,0.0022936058,0.004460218
jump,jump,0.9891416,0.9891416,0.005371219,0.0017825589,0.0037046426
jump,jump,0.9932934,0.9932934,0.0024399166,0.0016757366,0.0025909368
jump,jump,0.9928411,0.9928411,0.002930872,0.0019023401,0.0023256636
jump,jump,0.98982024,0.98982024,0.0039502196,0.0020931333,0.004136284
jump,jump,0.9886185,0.9886185,0.0050819707,0.0021286034,0.004170941
jump,jump,0.9874144,0.9874144,0.0064455485,0.002200922,0.00393916
jump,jump,0.9945411,0.9945411,0.0014223309,0.0009899681,0.0030466334
jump,jump,0.99371284,0.99371284,0.0023194964,0.0012599818,0.0027077694
jump,jump,0.9918876,0.9918876,0.0032287715,0.0021503703,0.002733279
jump,jump,0.9883167,0.9883167,0.004992919,0.0022421784,0.0044482034
jump,jump,0.9870574,0.9870574,0.006335278,0.002248459,0.0043588593
jump,jump,0.9854886,0.9854886,0.008000981,0.0024272858,0.0040832697
jump,jump,0.99078745,0.99078745,0.0034800181,0.0016396082,0.0040929266
jump,jump,0.9924142,0.9924142,0.002715637,0.0019431359,0.0029269783
jump,jump,0.989813,0.989813,0.0050911033,0.0021248152,0.0029709756
jump,jump,0.986733,0.986733,0.0067933677,0.0022124292,0.004261239
jump,jump,0.98268694,0.98268694,0.010412117,0.0025686773,0.004332286
jump,jump,0.9851863,0.9851863,0.008296886,0.0023501378,0.00416669
jump,jump,0.9968606,0.9968606,0.0008117867,0.0006536508,0.0016740556
jump,jump,0.9932308,0.9932308,0.0023597768,0.0014001676,0.0030092145
jump,jump,0.98947865,0.98947865,0.0040466283,0.002322179,0.004152529
jump,jump,0.9874328,0.9874328,0.0059528262,0.002263769,0.0043505896
jump,jump,0.9855745,0.9855745,0.008026965,0.0023611414,0.0040373127
jump,jump,0.98800534,0.98800534,0.006148029,0.0020777045,0.0037688625
jump,jump,0.991804,0.991804,0.0031596073,0.0016735966,0.0033627285
jump,jump,0.99278694,0.99278694,0.0031769997,0.0021010374,0.0019350108
jump,jump,0.994294,0.994294,0.0018046994,0.0017134052,0.0021877782
jump,jump,0.9927154,0.9927154,0.0025984002,0.0016466557,0.0030395112
jump,jump,0.9910505,0.9910505,0.0033107444,0.001899439,0.0037393237
jump,jump,0.9900358,0.9900358,0.004297651,0.0019276511,0.0037389435
jump,jump,0.99506205,0.99506205,0.0018658213,0.0014631214,0.0016091128
jump,jump,0.99432015,0.99432015,0.0012440848,0.0010196078,0.0034160446
jump,jump,0.99325186,0.99325186,0.0025839575,0.0013334745,0.0028306514
jump,jump,0.99087536,0.99087536,0.0036005361,0.001923464,0.003600531
jump,jump,0.9848311,0.9848311,0.008437137,0.0024197816,0.004312012
jump,jump,0.9904863,0.9904863,0.004120944,0.001882665,0.0035100167
jump,jump,0.99628997,0.99628997,0.00094543473,0.0008107357,0.001953924
jump,jump,0.9944653,0.9944653,0.0013060515,0.0010863408,0.003142313
jump,jump,0.99137634,0.99137634,0.0032457125,0.0020709746,0.0033069206
jump,jump,0.9934823,0.9934823,0.0023287039,0.001500227,0.0026887346
jump,jump,0.9903196,0.9903196,0.0039712964,0.0021908134,0.0035183146
jump,jump,0.99213684,0.99213684,0.0035142985,0.0013930744,0.002955744
jump,jump,0.9957496,0.9957496,0.00091398426,0.0008208485,0.002515525
jump,jump,0.9949809,0.9949809,0.00091762334,0.0009939153,0.0031076593
jump,jump,0.9911828,0.9911828,0.003832867,0.0019381288,0.0030461794
jump,jump,0.9890815,0.9890815,0.005418492,0.0019808416,0.0035191611
jump,jump,0.98724455,0.98724455,0.0063162134,0.00222103,0.0042182487
jump,jump,0.9890459,0.9890459,0.003567009,0.0024194412,0.004967518
jump,jump,0.9947429,0.9947429,0.0014321926,0.00096802576,0.0028568802
jump,jump,0.9941995,0.9941995,0.001656529,0.0011381276,0.0030058536
jump,jump,0.9921787,0.9921787,0.0032626193,0.0018793385,0.0026792781
jump,jump,0.99228376,0.99228376,0.0028793642,0.0017195517,0.0031172996
jump,jump,0.98880476,0.98880476,0.00527695,0.0020918797,0.0038265036
jump,jump,0.9555551,0.9555551,0.036769833,0.0036154815,0.004059599
jump,jump,0.9648556,0.9648556,0.028248047,0.0033161677,0.003580184
jump,jump,0.9902278,0.9902278,0.0045319265,0.0018430973,0.0033970412
jump,jump,0.9957092,0.9957092,0.001436803,0.00112773,0.0017262565
jump,jump,0.99494404,0.99494404,0.0010267658,0.00093492545,0.0030942205
jump,jump,0.99220455,0.99220455,0.0032757178,0.0016424325,0.0028773034
left,left,0.99196845,0.0019657249,0.99196845,0.0018139433,0.0042518554
left,left,0.9926972,0.0017438277,0.9926972,0.0016374497,0.00392153
left,left,0.9955006,0.0009789999,0.9955006,0.0011222422,0.0023980502
left,left,0.9953556,0.0009617393,0.9953556,0.0011862391,0.002496474
left,left,0.9945709,0.0012190682,0.9945709,0.0013349486,0.002875133
left,left,0.9932335,0.0016805992,0.9932335,0.0016262134,0.0034596424
left,left,0.9910774,0.002322233,0.9910774,0.0019526557,0.004647636
left,left,0.9911472,0.0033867017,0.9911472,0.001783717,0.0036823985
left,left,0.99393517,0.0015478138,0.99393517,0.0013421464,0.0031749841
left,left,0.9960557,0.00091166585,0.9960557,0.0010533872,0.001979308
left,left,0.995771,0.00091424014,0.995771,0.001065273,0.0022494714
left,left,0.99535525,0.0010804359,0.99535525,0.0012086153,0.0023556529
left,left,0.9931651,0.0018563747,0.9931651,0.001532022,0.003446407
left,left,0.9888531,0.004093262,0.9888531,0.0021723534,0.004881332
left,left,0.9937365,0.0017764601,0.9937365,0.0014408558,0.003046145
left,left,0.9945927,0.0014149668,0.9945927,0.001308933,0.0026833995
left,left,0.9959508,0.0008745009,0.9959508,0.0010652255,0.0021094033
left,left,0.9952779,0.0011992536,0.9952779,0.0012091178,0.0023137657
left,left,0.994228,0.0016989674,0.994228,0.0014244,0.0026485932
left,left,0.99488527,0.0014126091,0.99488527,0.0012246023,0.002477417
left,left,0.9954196,0.0010465822,0.9954196,0.0011511614,0.0023826633
left,left,0.9965342,0.0008023601,0.9965342,0.00093963975,0.0017237378
left,left,0.9948251,0.0012001488,0.9948251,0.0012847469,0.0026899818
left,left,0.9944798,0.0015211055,0.9944798,0.0013302235,0.0026688087
left,left,0.99152464,0.0024173602,0.99152464,0.0018126622,0.0042452887
left,left,0.99423933,0.0016577253,0.99423933,0.0013730652,0.0027298394
left,left,0.9954699,0.0010974621,0.9954699,0.001146697,0.002285974
left,left,0.9965199,0.00078231574,0.9965199,0.00092215725,0.0017756579
left,left,0.99517304,0.0010548685,0.99517304,0.0012043839,0.0025677085
left,left,0.99518776,0.0013137787,0.99518776,0.001205556,0.0022929243
left,left,0.9916065,0.0025584367,0.9916065,0.0017502159,0.004084921
left,left,0.98794335,0.0041762595,0.98794335,0.0021113087,0.005769056
left,left,0.99275935,0.0023306906,0.99275935,0.0015796471,0.0033302319
left,left,0.9954833,0.0010167087,0.9954833,0.0010913529,0.0024087308
left,left,0.9963236,0.0008325869,0.9963236,0.0009844071,0.001859447
left,left,0.9947968,0.0012138884,0.9947968,0.0012401687,0.0027491024
left,left,0.99411917,0.0015642992,0.99411917,0.001417974,0.0028986523
left,left,0.99357927,0.002016617,0.99357927,0.0014635363,0.0029405558
left,left,0.9941199,0.0015566006,0.9941199,0.0013639608,0.002959626
left,left,0.9963904,0.0008424656,0.9963904,0.0009635943,0.0018035683
left,left,0.9953544,0.0010531857,0.9953544,0.0011488849,0.0024434722
left,left,0.9956096,0.001144731,0.9956096,0.0011306232,0.0021151367
left,left,0.9901141,0.0031724737,0.9901141,0.0020167183,0.0046967906
left,left,0.9912771,0.0025860893,0.9912771,0.001718889,0.0044179107
left,left,0.9919681,0.0025967462,0.9919681,0.0017686972,0.0036664791
left,left,0.9936214,0.0017761231,0.9936214,0.0013506047,0.0032519198
left,left,0.9963515,0.00084661116,0.9963515,0.00097609946,0.0018257718
left,left,0.9954432,0.0010135852,0.9954432,0.001119951,0.002423226
left,left,0.99519473,0.0011668457,0.99519473,0.0011967133,0.002441813
left,left,0.9938858,0.0017845826,0.9938858,0.0014458243,0.0028837682
left,left,0.9947147,0.0014160515,0.9947147,0.0012745333,0.0025947767
left,left,0.9964283,0.00080457085,0.9964283,0.00094810873,0.0018191088
left,left,0.995548,0.0009710278,0.995548,0.0011459687,0.0023349784
left,left,0.99504364,0.0013448304,0.99504364,0.0012371199,0.0023745375
left,left,0.9922248,0.0022105137,0.9922248,0.0017347974,0.0038298515
left,left,0.9927105,0.002282351,0.9927105,0.001680593,0.003326648
left,left,0.9947173,0.0013273822,0.9947173,0.0012164393,0.0027388919
left,left,0.99497,0.0012159115,0.99497,0.0012584372,0.0025556243
left,left,0.99160075,0.0022574184,0.99160075,0.001732774,0.004409029
left,left,0.99155676,0.002633707,0.99155676,0.0017537628,0.0040557184
left,left,0.98384756,0.005956426,0.98384756,0.0024999883,0.0076960903
left,left,0.98796195,0.0050112135,0.98796195,0.002170376,0.00485659
left,left,0.9943614,0.0013814433,0.9943614,0.0014270871,0.00283007
left,straight,0.95096225,0.0010605735,0.043657012,0.004320233,0.95096225
left,left,0.9965544,0.0007255229,0.9965544,0.00089178566,0.0018283532
left,left,0.9954423,0.0011497685,0.9954423,0.0011895723,0.0022183058
left,left,0.9947082,0.0015075589,0.9947082,0.001307819,0.002476342
left,left,0.9916869,0.002141258,0.9916869,0.0018095215,0.004362286
left,left,0.99183697,0.0021816376,0.99183697,0.0017572666,0.0042241095
left,left,0.9950566,0.001049096,0.9950566,0.0012419597,0.002652338
left,left,0.99547726,0.0010365531,0.99547726,0.0011755237,0.002310672
left,left,0.9958871,0.0008455849,0.9958871,0.0011030599,0.0021642915
left,left,0.9941024,0.0015192224,0.9941024,0.0014368593,0.0029414417
left,left,0.992469,0.0021642656,0.992469,0.0016280004,0.0037387668
left,left,0.99331963,0.0018138927,0.99331963,0.0015639588,0.0033025283
left,left,0.99645436,0.0006853361,0.99645436,0.00095405144,0.0019062333
left,left,0.9951108,0.0011345095,0.9951108,0.0012517209,0.0025028617
left,left,0.99482673,0.0012416202,0.99482673,0.0013422221,0.0025893052
left,left,0.99343723,0.0017449096,0.99343723,0.0014869821,0.0033309204
left,left,0.99210805,0.0021857016,0.99210805,0.0017377308,0.0039685075
left,left,0.9916815,0.0024523865,0.9916815,0.0017953272,0.0040706755
left,left,0.99543,0.0009626407,0.99543,0.0011385168,0.002468893
left,left,0.9956988,0.00097651326,0.9956988,0.001119988,0.0022046543
left,left,0.9956626,0.000950192,0.9956626,0.0011600074,0.0022271262
left,left,0.99401456,0.0014101862,0.99401456,0.0014468371,0.0031283693
left,left,0.9929611,0.0023669808,0.9929611,0.0016217398,0.003050203
left,left,0.9935136,0.0018245031,0.9935136,0.0014584182,0.0032035168
left,left,0.9961791,0.0009365526,0.9961791,0.0009964142,0.0018877952
left,left,0.99598444,0.00086938386,0.99598444,0.0010180551,0.0021282304
left,left,0.995033,0.0011893447,0.995033,0.0012792576,0.0024982642
left,left,0.99344033,0.0016983842,0.99344033,0.0015722923,0.003289135
left,left,0.98524517,0.0061905086,0.98524517,0.0026345812,0.005929841
left,left,0.9946232,0.001370619,0.9946232,0.0012724876,0.0027337233
left,left,0.994941,0.0011854537,0.994941,0.0012764375,0.0025970852
left,left,0.9968125,0.00069756596,0.9968125,0.0009233786,0.0015664715
left,left,0.9954507,0.0011112088,0.9954507,0.0011992498,0.0022388618
left,left,0.9937655,0.001982901,0.9937655,0.0015032825,0.0027482659
left,left,0.99270225,0.0026349335,0.99270225,0.0015443268,0.0031185162
left,left,0.99630725,0.0010005343,0.99630725,0.0009705866,0.0017216203
left,left,0.9960747,0.00081969524,0.9960747,0.0010243446,0.0020813223
left,left,0.9959235,0.0009893352,0.9959235,0.0010739347,0.002013215
left,left,0.9918799,0.002550292,0.9918799,0.0016791772,0.0038905875
left,left,0.9934302,0.0019930585,0.9934302,0.0015500622,0.0030266054
left,left,0.9916099,0.0025922435,0.9916099,0.0016839963,0.0041138674
left,left,0.9912015,0.0026181547,0.9912015,0.0018680851,0.0043122005
left,left,0.9963839,0.00078999816,0.9963839,0.00095669995,0.0018693318
left,left,0.9961358,0.000862612,0.9961358,0.0010521705,0.0019495365
left,left,0.9951422,0.0012912783,0.9951422,0.0013217677,0.0022446918
left,left,0.9931716,0.0018836427,0.9931716,0.0015729293,0.0033719188
left,left,0.9935768,0.0021431285,0.9935768,0.001452491,0.0028276038
left,left,0.99528694,0.0011350604,0.99528694,0.0011650284,0.0024128912
left,left,0.9968309,0.00073019403,0.9968309,0.0008626107,0.0015762763
left,left,0.99485356,0.0012130059,0.99485356,0.0013063814,0.0026271734
left,left,0.9932933,0.0017414037,0.9932933,0.0016182594,0.0033469917
left,left,0.9927946,0.0020831598,0.9927946,0.001669395,0.0034527124
left,left,0.9916121,0.0025690107,0.9916121,0.0016956053,0.00412322
left,left,0.99389136,0.0017207944,0.99389136,0.0014433063,0.0029445132
left,left,0.9953478,0.0010294409,0.9953478,0.0011537882,0.002468973
left,left,0.99688065,0.00067416555,0.99688065,0.0008444427,0.0016007416
left,left,0.9942697,0.0012579209,0.9942697,0.001367827,0.003104556
left,left,0.99433494,0.0015583806,0.99433494,0.0013643898,0.0027422723
left,left,0.993922,0.0019064536,0.993922,0.0014337974,0.002737865
left,left,0.9935616,0.0015617455,0.9935616,0.0014495656,0.003426954
left,left,0.9970451,0.00066505204,0.9970451,0.0008206722,0.0014691765
left,left,0.9951662,0.0010427356,0.9951662,0.0011674266,0.002623603
left,left,0.9936923,0.0016329726,0.9936923,0.0015254256,0.0031493967
left,left,0.9908228,0.0026300324,0.9908228,0.0017848216,0.004762337
left,left,0.98587996,0.00460912,0.98587996,0.0024673066,0.0070435423
left,left,0.9925882,0.0023433426,0.9925882,0.001564194,0.0035043235
left,left,0.9914112,0.0022327108,0.9914112,0.0017705504,0.0045854496
left,left,0.9960892,0.0009857827,0.9960892,0.0010278701,0.0018972117
left,left,0.995567,0.00095185154,0.995567,0.0011029588,0.0023782565
left,left,0.99608684,0.00093825907,0.99608684,0.0010303993,0.0019443998
left,left,0.99122775,0.0026354617,0.99122775,0.0019407341,0.0041960175
left,left,0.99314415,0.001869404,0.99314415,0.0014274914,0.0035589878
left,left,0.99389476,0.0016063112,0.99389476,0.0014510109,0.0030478782
left,left,0.9944443,0.001418466,0.9944443,0.0012456513,0.002891621
left,left,0.9953165,0.0011273547,0.9953165,0.0012183986,0.0023378131
left,left,0.9950702,0.0011488143,0.9950702,0.0011723271,0.002608663
left,left,0.99072355,0.003048615,0.99072355,0.0018963376,0.0043314886
left,left,0.9929772,0.0022965227,0.9929772,0.001601748,0.0031245977
left,left,0.9947577,0.0013098813,0.9947577,0.0012277334,0.0027046984
left,left,0.99606365,0.000984915,0.99606365,0.0010403912,0.0019110391
left,left,0.99396884,0.0016048766,0.99396884,0.0014566694,0.0029695984
left,left,0.99313134,0.002166966,0.99313134,0.0015294204,0.0031722728
left,left,0.98881894,0.0040966603,0.98881894,0.0021865626,0.004897773
left,left,0.9944518,0.0012795185,0.9944518,0.0013124028,0.0029562777
left,left,0.99489874,0.0011396848,0.99489874,0.0012546981,0.0027069165
left,left,0.99588627,0.00085761026,0.99588627,0.0010770845,0.0021789921
left,left,0.99511105,0.0011409956,0.99511105,0.0012623625,0.002485751
left,left,0.9940798,0.0017880837,0.9940798,0.0015538024,0.0025782732
left,left,0.99336183,0.002234622,0.99336183,0.001514072,0.002889344
left,left,0.9938054,0.0019895735,0.9938054,0.001407966,0.0027971044
left,left,0.9967525,0.00075388467,0.9967525,0.00093335233,0.0015602116
left,left,0.99329185,0.0016674666,0.99329185,0.0015751368,0.0034656445
left,left,0.99126524,0.0033996906,0.99126524,0.00180792,0.0035270436
left,left,0.99023306,0.003243723,0.99023306,0.0018806012,0.0046426253
left,left,0.9934768,0.0018119458,0.9934768,0.0014296818,0.0032814653
left,left,0.9944569,0.0015970279,0.9944569,0.0013644297,0.002581621
left,left,0.99594647,0.0008040966,0.99594647,0.0010726135,0.0021768848
left,left,0.9947824,0.0013372063,0.9947824,0.0013321564,0.00254819
left,left,0.993768,0.0016498399,0.993768,0.0015785277,0.0030035805
left,left,0.99125296,0.0029838178,0.99125296,0.0018399361,0.0039232397
left,left,0.9902188,0.0031689596,0.9902188,0.0019226286,0.004689642
left,left,0.9884852,0.004154701,0.9884852,0.0021514758,0.0052086357
left,left,0.993064,0.0020314744,0.993064,0.0015076342,0.0033969716
left,left,0.9775694,0.0003439174,0.9775694,0.00061652967,0.02147029
left,left,0.99564373,0.0009428947,0.99564373,0.0010996953,0.0023137191
left,left,0.9957165,0.0010403614,0.9957165,0.0010935869,0.0021494937
left,left,0.99105656,0.0028424372,0.99105656,0.0019922443,0.0041088136
left,left,0.9951983,0.0010934228,0.9951983,0.0011482465,0.0025599506
left,left,0.99566287,0.0009446486,0.99566287,0.0011317743,0.002260753
left,left,0.995011,0.0012157673,0.995011,0.0012750928,0.0024981517
left,left,0.9938082,0.0014894602,0.9938082,0.0014805472,0.003221792
left,left,0.99235475,0.0019775808,0.99235475,0.0017907353,0.00387687
left,left,0.9896382,0.0031870322,0.9896382,0.0020428395,0.005131921
left,left,0.99325883,0.0023062816,0.99325883,0.0014709717,0.0029639415
left,left,0.9945215,0.0012715786,0.9945215,0.0013044648,0.002902404
left,left,0.99670154,0.0007391293,0.99670154,0.00088168256,0.0016775308
left,left,0.9944781,0.001303983,0.9944781,0.0013429935,0.0028750321
left,left,0.9940013,0.0017542429,0.9940013,0.001410731,0.0028337315
left,left,0.99411184,0.0015825919,0.99411184,0.0014355382,0.0028701304
left,left,0.9938784,0.0016385635,0.9938784,0.0014434948,0.0030396075
left,left,0.99637514,0.00080321,0.99637514,0.0010142034,0.0018073958
left,left,0.99556255,0.0010463054,0.99556255,0.0011502584,0.002240927
left,left,0.9943386,0.0016096412,0.9943386,0.0014706734,0.0025811244
left,left,0.9919803,0.002323134,0.9919803,0.0016992361,0.0039974344
left,left,0.993255,0.00233459,0.993255,0.0015090737,0.0029013173
left,left,0.99388784,0.0016008412,0.99388784,0.0014471157,0.003064229
left,left,0.99606663,0.0010467358,0.99606663,0.001016727,0.0018698757
left,left,0.9954289,0.0010467677,0.9954289,0.0011795767,0.0023447792
left,left,0.99486583,0.0012170132,0.99486583,0.0013124241,0.0026047046
left,left,0.99217093,0.0022880465,0.99217093,0.0015979402,0.00394312
left,left,0.9914847,0.002045651,0.9914847,0.0019271143,0.0045424765
left,left,0.9901399,0.0021771125,0.9901399,0.0018975707,0.005785487
left,left,0.9908867,0.0039065876,0.9908867,0.0017292768,0.0034774172
left,left,0.9848679,0.006103758,0.9848679,0.0024874015,0.0065410514
left,left,0.9972881,0.00035533006,0.9972881,0.00054256496,0.0018139107
left,left,0.99553716,0.00090645417,0.99553716,0.0011625573,0.0023938848
left,left,0.99105084,0.003070867,0.99105084,0.001980246,0.0038979806
left,left,0.98198444,0.0075215567,0.98198444,0.0027012273,0.007792763
left,left,0.9852246,0.006393742,0.9852246,0.0027639475,0.0056177536
left,left,0.99504244,0.0014178352,0.99504244,0.0011719987,0.0023677552
left,left,0.99742705,0.00053832325,0.99742705,0.00075220014,0.0012824393
left,left,0.99290293,0.0017213043,0.99290293,0.0016031938,0.0037725214
left,left,0.9924043,0.0025708193,0.9924043,0.001804798,0.0032200462
left,left,0.99610656,0.0009343055,0.99610656,0.0009784306,0.001980661
left,left,0.99649113,0.0008197119,0.99649113,0.0010339711,0.001655262
left,left,0.992065,0.002233119,0.992065,0.001788732,0.003913086
left,left,0.99271214,0.0021881028,0.99271214,0.0015728122,0.0035268802
left,left,0.9880278,0.0033784534,0.9880278,0.0023076884,0.006285976
left,left,0.9910613,0.0026824404,0.9910613,0.0019253629,0.004330937
left,left,0.99507457,0.0012139176,0.99507457,0.0011905604,0.0025209454
left,left,0.9959753,0.000975071,0.9959753,0.0010566898,0.0019929272
left,left,0.9955107,0.0010543069,0.9955107,0.0011710103,0.00226405
left,left,0.99387014,0.0015006876,0.99387014,0.00146708,0.0031620492
left,left,0.9930635,0.0019640794,0.9930635,0.0015929524,0.003379458
left,left,0.99268085,0.0020552725,0.99268085,0.0016024616,0.003661399
left,left,0.9935463,0.002415136,0.9935463,0.0013538813,0.002684726
left,left,0.9959203,0.0009104676,0.9959203,0.0010348986,0.0021342617
left,left,0.9964993,0.00087256014,0.9964993,0.0009555446,0.0016726278
left,left,0.993749,0.0015686144,0.993749,0.0014936572,0.0031887565
left,left,0.9930305,0.0021981571,0.9930305,0.0015969713,0.0031744156
left,left,0.99114734,0.0035984619,0.99114734,0.0019008506,0.0033533564
left,left,0.9906303,0.0028459686,0.9906303,0.0019260414,0.0045976285
left,left,0.9945532,0.0016134433,0.9945532,0.001326017,0.0025073227
left,left,0.99529004,0.0011662754,0.99529004,0.0011641019,0.0023796125
left,left,0.9967661,0.0007538633,0.9967661,0.0008683188,0.0016116793
left,left,0.9936312,0.0015928025,0.9936312,0.001520924,0.0032551351
left,left,0.99104685,0.0022735002,0.99104685,0.0019432873,0.004736371
left,left,0.99129,0.0021321164,0.99129,0.0018258826,0.0047519673
left,left,0.9932006,0.0015324844,0.9932006,0.0015882223,0.0036787696
left,left,0.9939448,0.0015706188,0.9939448,0.0013946098,0.0030899106
left,left,0.995357,0.0009471246,0.995357,0.0012131868,0.0024827872
left,left,0.9939877,0.0014314274,0.9939877,0.0014586758,0.0031222461
left,left,0.9906482,0.0029224246,0.9906482,0.001947242,0.0044822074
left,left,0.9927937,0.0017065383,0.9927937,0.0015086677,0.0039911927
left,left,0.9958038,0.0010458939,0.9958038,0.0010787952,0.002071512
left,left,0.9963875,0.0007498016,0.9963875,0.0009235413,0.0019391701
left,left,0.99459606,0.0012666775,0.99459606,0.0013645953,0.0027728127
left,left,0.9924495,0.0019218778,0.9924495,0.0015972903,0.004031296
left,left,0.9932353,0.0023520866,0.9932353,0.0014933784,0.0029192052
left,left,0.99565035,0.0009413601,0.99565035,0.0010591564,0.0023491366
left,left,0.99598324,0.00080110325,0.99598324,0.0010356462,0.002180041
left,left,0.99501306,0.00116623,0.99501306,0.001190064,0.0026306084
left,left,0.99207366,0.0022172874,0.99207366,0.0017315325,0.0039774384
left,left,0.99025726,0.0032350225,0.99025726,0.0018211837,0.004686541
left,left,0.9890966,0.004643191,0.9890966,0.0020056355,0.0042546843
left,left,0.9943007,0.0016534359,0.9943007,0.0013066377,0.0027391003
left,left,0.9967056,0.00072161935,0.9967056,0.000822286,0.0017505033
left,left,0.9953408,0.0009643701,0.9953408,0.0011305497,0.0025642293
left,left,0.9946989,0.0013722883,0.9946989,0.0012945386,0.0026343411
left,left,0.9922901,0.0018762605,0.9922901,0.0016318024,0.0042018387
left,left,0.99508685,0.0012405125,0.99508685,0.0011855214,0.0024870075
left,left,0.9966635,0.0007553585,0.9966635,0.00089659856,0.0016845576
left,left,0.99520254,0.0010605374,0.99520254,0.0012148833,0.0025221438
left,left,0.99489295,0.0014195284,0.99489295,0.001210904,0.0024766235
left,left,0.9896165,0.0034503164,0.9896165,0.002028459,0.0049047675
left,left,0.98782057,0.0050412533,0.98782057,0.0021669364,0.0049711014
left,left,0.99470156,0.001402744,0.99470156,0.0012904628,0.002605186
left,left,0.9966002,0.000806974,0.9966002,0.0008981051,0.0016947106
left,left,0.9960044,0.0008339108,0.9960044,0.0010187982,0.0021428654
left,left,0.995458,0.0012128951,0.995458,0.001147629,0.0021815018
left,left,0.99169004,0.0025478653,0.99169004,0.0017374053,0.004024609
left,left,0.99066645,0.003228563,0.99066645,0.001912728,0.00419233
left,left,0.9909951,0.0035997094,0.9909951,0.0016338706,0.0037714108
left,left,0.9929852,0.0019107971,0.9929852,0.0015153717,0.003588587
left,left,0.99595106,0.0010125581,0.99595106,0.0010583901,0.0019780346
left,left,0.99629825,0.0008112382,0.99629825,0.0009856798,0.0019048824
left,left,0.99405813,0.0013857741,0.99405813,0.0014729461,0.0030831934
left,left,0.9917527,0.0021751898,0.9917527,0.0018742915,0.0041979076
left,left,0.99196106,0.0028533624,0.99196106,0.0016581474,0.0035273694
left,left,0.81625897,0.07453944,0.81625897,0.014936866,0.09426466
left,left,0.9970714,0.00064202404,0.9970714,0.0007567089,0.0015297914
left,left,0.9964875,0.00069557474,0.9964875,0.00090551627,0.0019114201
left,left,0.9958593,0.0009667519,0.9958593,0.0010874128,0.002086527
left,left,0.99176604,0.0024055801,0.99176604,0.0017123298,0.004116057
left,left,0.9927878,0.002822576,0.9927878,0.0015051902,0.0028845242
left,left,0.98844296,0.0037796223,0.98844296,0.0023494016,0.00542802
left,left,0.9970086,0.00074786734,0.9970086,0.0008019945,0.0014415602
left,left,0.99644285,0.000706424,0.99644285,0.00092395383,0.001926837
left,left,0.994568,0.0015074766,0.994568,0.0013144276,0.002610083
left,left,0.98999864,0.0028636875,0.98999864,0.002002819,0.00513484
left,left,0.9887511,0.003432569,0.9887511,0.0022039285,0.005612442
left,left,0.9812618,0.006891034,0.9812618,0.0030741687,0.008772998
left,left,0.9947956,0.0016716842,0.9947956,0.0012139663,0.0023188116
left,left,0.9968124,0.000651179,0.9968124,0.00086209347,0.0016743281
left,left,0.9944259,0.0013603283,0.9944259,0.0014040967,0.0028097609
left,left,0.9931657,0.0017818012,0.9931657,0.0015871513,0.0034653102
left,left,0.9853461,0.004414574,0.9853461,0.002557779,0.0076815193
left,left,0.991054,0.0024673482,0.991054,0.0017949785,0.0046837763
left,left,0.98914206,0.0027740684,0.98914206,0.0021201726,0.005963711
left,left,0.99449784,0.0015740147,0.99449784,0.0011506506,0.0027774284
left,left,0.9972236,0.0005264963,0.9972236,0.0007624297,0.001487414
left,left,0.9914486,0.0021946765,0.9914486,0.0018000172,0.0045567434
right,right,0.9834157,0.009700879,0.0005063064,0.9834157,0.0063771084
right,right,0.982321,0.011086739,0.00052926055,0.982321,0.0060628974
right,right,0.98293024,0.010238666,0.00047753938,0.98293024,0.0063535594
right,right,0.98338795,0.009753397,0.0004732497,0.98338795,0.006385323
right,right,0.9831224,0.009912593,0.00046591143,0.9831224,0.0064990455
right,right,0.9832829,0.009947545,0.0005114034,0.9832829,0.0062580286
right,right,0.9832371,0.0098959105,0.0005012003,0.9832371,0.0063658184
right,right,0.9823683,0.011050247,0.0005186565,0.9823683,0.006062752
right,right,0.9831097,0.010064619,0.0004733999,0.9831097,0.0063522714
right,right,0.98277617,0.0105494475,0.00046864164,0.98277617,0.006205779
right,right,0.983412,0.009628903,0.00046988117,0.983412,0.006489151
right,right,0.9827456,0.010746886,0.0005029361,0.9827456,0.006004654
right,right,0.9832655,0.009866362,0.0005004232,0.9832655,0.006367624
right,right,0.9831698,0.009693312,0.0004976129,0.9831698,0.0066392664
right,right,0.9830928,0.010222075,0.0005118707,0.9830928,0.0061733536
right,right,0.9835369,0.009235055,0.00048274218,0.9835369,0.006745376
right,right,0.9830322,0.010113191,0.00053146825,0.9830322,0.00632315
right,right,0.98283213,0.010154497,0.00051470153,0.98283213,0.0064986236
right,right,0.9822848,0.010892178,0.00053923635,0.9822848,0.006283787
right,right,0.9827261,0.010418452,0.000500433,0.9827261,0.006355021
right,right,0.9827917,0.01049589,0.00048989867,0.9827917,0.006222522
right,right,0.9797364,0.01143947,0.00056198053,0.9797364,0.008262135
right,right,0.9826286,0.010551762,0.00047203334,0.9826286,0.0063475794
right,right,0.9828928,0.01038304,0.0005019483,0.9828928,0.006222218
right,right,0.98271,0.010404783,0.00050861394,0.98271,0.0063765743
right,right,0.9825133,0.010503193,0.0005550565,0.9825133,0.006428503
right,right,0.9826399,0.010182255,0.00050654204,0.9826399,0.00667139
right,right,0.98291504,0.01021048,0.00051833404,0.98291504,0.006356173
right,right,0.98133737,0.010370401,0.0005063856,0.98133737,0.0077858716
right,right,0.9831086,0.009933931,0.0005245083,0.9831086,0.0064329715
right,right,0.9828199,0.01020967,0.00049712474,0.9828199,0.006473294
right,right,0.98363173,0.009292827,0.0005559647,0.98363173,0.0065196003
right,right,0.9835638,0.0091881985,0.0005025607,0.9835638,0.0067454544
right,right,0.98314995,0.009501674,0.00056740147,0.98314995,0.0067810495
right,right,0.9830337,0.009706058,0.00045542227,0.9830337,0.006804783
right,right,0.9825462,0.010739164,0.00049655663,0.9825462,0.0062181232
right,right,0.98347396,0.009341393,0.0004957314,0.98347396,0.0066890223
right,right,0.9829637,0.009805162,0.00050872756,0.9829637,0.0067224577
right,right,0.9825004,0.010737358,0.0005373537,0.9825004,0.006224876
right,right,0.98330796,0.009428815,0.0004648839,0.98330796,0.006798332
right,right,0.98293245,0.010270703,0.0005203648,0.98293245,0.0062765046
right,right,0.9831467,0.009659849,0.0005206766,0.9831467,0.0066727432
right,right,0.9825629,0.010522739,0.00054433366,0.9825629,0.0063700587
right,right,0.98264265,0.0102675175,0.00051867747,0.98264265,0.0065712393
right,right,0.9825874,0.010481686,0.0005303343,0.9825874,0.0064004767
right,right,0.98235947,0.010673966,0.0005079266,0.98235947,0.006458674
right,right,0.9694844,0.019982634,0.0005947086,0.9694844,0.009938191
right,right,0.9834856,0.009667248,0.00048245562,0.9834856,0.006364677
right,right,0.9835449,0.009482792,0.00049003924,0.9835449,0.006482302
right,right,0.9827753,0.0100992,0.0005399656,0.9827753,0.0065856157
right,right,0.98281324,0.0100079775,0.00048661616,0.98281324,0.0066920994
right,right,0.98327786,0.009864915,0.0005037237,0.98327786,0.0063534183
right,right,0.98308265,0.009841655,0.0004897926,0.98308265,0.0065858727
right,right,0.98275524,0.0104317255,0.000528059,0.98275524,0.006284968
right,right,0.982818,0.009805579,0.00051444065,0.982818,0.0068619605
right,right,0.98275095,0.010561054,0.00049050065,0.98275095,0.006197482
right,right,0.9827848,0.010381112,0.00048022857,0.9827848,0.0063537434
right,right,0.9828677,0.010366154,0.00046046707,0.9828677,0.0063057076
right,right,0.982863,0.010424153,0.00049467146,0.982863,0.0062181884
right,right,0.9824835,0.010649593,0.00051463576,0.9824835,0.006352259
right,right,0.9820056,0.011120075,0.0005389469,0.9820056,0.0063353996
right,right,0.9829623,0.0095473435,0.00050030963,0.9829623,0.0069900802
right,right,0.98233724,0.010745347,0.0005398044,0.98233724,0.0063776216
right,right,0.9833561,0.009647245,0.00047448094,0.9833561,0.0065221447
right,right,0.9821685,0.010362257,0.0005223896,0.9821685,0.006946793
right,right,0.9830905,0.010076989,0.0004938935,0.9830905,0.0063386103
right,right,0.98278296,0.010386148,0.0005099646,0.98278296,0.0063209413
right,right,0.9835383,0.009407395,0.00053667364,0.9835383,0.0065176915
right,right,0.9831217,0.009429929,0.0004762147,0.9831217,0.006972174
right,right,0.9834556,0.0097921835,0.00050868565,0.9834556,0.00624341
right,right,0.9830672,0.009632782,0.00049167,0.9830672,0.0068083415
right,right,0.98322475,0.0097863665,0.0005195477,0.98322475,0.00646942
right,right,0.9832162,0.009906767,0.0005095765,0.9832162,0.006367523
right,right,0.98276454,0.010191071,0.00051796716,0.98276454,0.0065264786
right,right,0.98257023,0.010440913,0.00053716823,0.98257023,0.006451763
right,right,0.9833582,0.009659347,0.0004711547,0.9833582,0.0065112673
right,right,0.9826025,0.010574001,0.00046652427,0.9826025,0.006357088
right,right,0.9827491,0.010475661,0.000519778,0.9827491,0.006255365
right,right,0.98285365,0.010313394,0.00050565857,0.98285365,0.0063273306
right,right,0.9827716,0.009888976,0.0005174979,0.9827716,0.006821952
right,right,0.9826256,0.010431051,0.00054557284,0.9826256,0.0063977838
right,right,0.98272645,0.010527136,0.0004768568,0.98272645,0.0062695695
right,right,0.982284,0.00999171,0.00053470064,0.982284,0.007189617
right,right,0.98303264,0.01009481,0.00049050973,0.98303264,0.006381969
right,right,0.98288995,0.010391975,0.00050565216,0.98288995,0.0062124757
right,right,0.98220116,0.010925847,0.0005499126,0.98220116,0.0063230274
right,right,0.98306227,0.009592622,0.00050709187,0.98306227,0.006838051
right,right,0.98289096,0.010397805,0.000528974,0.98289096,0.0061821835
right,right,0.9836158,0.008269497,0.000479126,0.9836158,0.007635623
right,right,0.9824166,0.0112524405,0.00050574256,0.9824166,0.0058252155
right,right,0.983343,0.009734794,0.00049265596,0.983343,0.0064296103
right,right,0.9815061,0.011652838,0.00053020514,0.9815061,0.0063108383
right,right,0.98295194,0.010184113,0.00052105024,0.98295194,0.006342935
right,right,0.98300695,0.0103851715,0.00048821274,0.98300695,0.0061196834
right,right,0.9828141,0.010228414,0.0004823683,0.9828141,0.006475123
right,right,0.9832025,0.009820723,0.0005364137,0.9832025,0.006440397
right,right,0.9833213,0.009217006,0.0005205389,0.9833213,0.006941098
right,right,0.9823093,0.011252896,0.0005404628,0.9823093,0.005897257
right,right,0.98317355,0.009922553,0.00049595686,0.98317355,0.00640782
right,right,0.9826074,0.010895112,0.0004857169,0.9826074,0.0060117417
right,right,0.9834856,0.009315726,0.0004891236,0.9834856,0.0067096064
right,right,0.98300767,0.010593474,0.00052373525,0.98300767,0.0058751157
right,right,0.9839071,0.009067873,0.0005034868,0.9839071,0.006521485
right,right,0.98309165,0.010098584,0.00049601984,0.98309165,0.006313677
right,right,0.9822536,0.011152827,0.00055997976,0.9822536,0.0060336157
right,right,0.9829032,0.010224016,0.00046138462,0.9829032,0.0064113657
right,right,0.98374385,0.009378546,0.00047465446,0.98374385,0.006403022
right,right,0.98375875,0.009333509,0.0004900647,0.98375875,0.006417626
right,right,0.9827571,0.010624779,0.00053257734,0.9827571,0.0060855406
right,right,0.98268694,0.010093819,0.0005283457,0.98268694,0.0066908216
right,right,0.98230386,0.010728138,0.00055390206,0.98230386,0.006414041
right,right,0.982935,0.009828979,0.00047592566,0.982935,0.006760037
right,right,0.98326474,0.009886256,0.0005027895,0.98326474,0.006346273
right,right,0.98309624,0.009875422,0.00048132823,0.98309624,0.006546981
right,right,0.9828446,0.010284118,0.000539981,0.9828446,0.0063313437
right,right,0.98266417,0.010590434,0.00052726007,0.98266417,0.0062181875
right,right,0.98317933,0.010021023,0.00049384934,0.98317933,0.006305803
right,right,0.98360735,0.009468294,0.0004918843,0.98360735,0.006432452
right,right,0.9832375,0.009968385,0.00046699363,0.9832375,0.0063271066
right,right,0.98333436,0.009968953,0.00050178776,0.98333436,0.006194833
right,right,0.98230064,0.010907043,0.00050898717,0.98230064,0.0062832707
right,right,0.982932,0.010146327,0.00049168017,0.982932,0.006429982
right,right,0.9829626,0.0102421725,0.0005104853,0.9829626,0.006284768
right,right,0.9832114,0.009859724,0.0004763674,0.9832114,0.006452548
right,right,0.9827639,0.010490474,0.00050983485,0.9827639,0.006235827
right,right,0.98274785,0.0101848105,0.0005129911,0.98274785,0.006554383
right,right,0.9820702,0.011112834,0.00054401316,0.9820702,0.0062729935
right,right,0.98273325,0.009931294,0.00052483607,0.98273325,0.0068105315
right,right,0.982703,0.010355706,0.00053116336,0.982703,0.0064102006
right,right,0.96689343,0.009388243,0.0009577106,0.96689343,0.022760563
right,right,0.98246783,0.010570107,0.00054353947,0.98246783,0.006418447
right,right,0.9835021,0.009246304,0.00049440033,0.9835021,0.0067571322
right,right,0.9826765,0.010484356,0.0005278065,0.9826765,0.006311423
right,right,0.984053,0.00809771,0.0005043848,0.984053,0.007344858
right,right,0.9819832,0.011771465,0.0005535346,0.9819832,0.0056918035
right,right,0.98293984,0.010270153,0.0004774894,0.98293984,0.0063125305
right,right,0.98367405,0.0092865685,0.0004776276,0.98367405,0.006561862
right,right,0.9835149,0.009509703,0.00048236208,0.9835149,0.006493117
right,right,0.9831995,0.010008937,0.00050733483,0.9831995,0.006284251
right,right,0.9825524,0.010661874,0.0005028042,0.9825524,0.0062829005
right,right,0.98258555,0.010494284,0.0005173237,0.98258555,0.006402809
right,right,0.9828432,0.010277324,0.00047137163,0.9828432,0.006408105
right,right,0.98248166,0.010767603,0.00051778543,0.98248166,0.0062328866
right,right,0.9827884,0.010254948,0.00048779705,0.9827884,0.006468825
right,right,0.9832529,0.009906046,0.00052038184,0.9832529,0.006320653
right,right,0.9836348,0.00950321,0.0005745619,0.9836348,0.0062874053
right,right,0.98316956,0.009888349,0.00047998247,0.98316956,0.0064621046
right,right,0.9799438,0.010253238,0.0007925903,0.9799438,0.009010325
right,right,0.9770338,0.009663967,0.0007074036,0.9770338,0.012594859
right,right,0.98264563,0.010577374,0.0005161863,0.98264563,0.006260812
right,right,0.9835898,0.009268954,0.0004884789,0.9835898,0.006652744
right,right,0.9832234,0.009672287,0.0005030688,0.9832234,0.006601175
right,right,0.9829081,0.010110959,0.00054411613,0.9829081,0.0064366665
right,right,0.98289263,0.010076796,0.00046536388,0.98289263,0.006565299
right,right,0.98286635,0.010152124,0.00053283497,0.98286635,0.0064487276
right,right,0.98263943,0.0101569705,0.0004955705,0.98263943,0.0067079877
right,right,0.98251975,0.010078454,0.00057633704,0.98251975,0.0068255267
right,right,0.9830859,0.009297521,0.00051970675,0.9830859,0.0070968326
right,right,0.9825983,0.0102418875,0.0005341002,0.9825983,0.0066257236
right,right,0.95270157,0.009088002,0.0009783837,0.95270157,0.037232053
right,right,0.97883946,0.011346185,0.00069230783,0.97883946,0.0091221025
right,right,0.9834315,0.008887453,0.0005149005,0.9834315,0.007166174
right,right,0.98235255,0.010547092,0.0005347132,0.98235255,0.0065656067
right,right,0.98330253,0.009405292,0.0005016839,0.98330253,0.006790464
right,right,0.9828256,0.010155858,0.0005274015,0.9828256,0.006491101
right,right,0.9831049,0.009567524,0.00047796575,0.9831049,0.0068495804
right,right,0.98290724,0.009912953,0.0005305146,0.98290724,0.006649284
right,right,0.9829352,0.00951842,0.00050875987,0.9829352,0.007037595
right,right,0.98201215,0.0109079,0.00055554946,0.98201215,0.006524328
right,right,0.9834452,0.009602826,0.0005032207,0.9834452,0.0064486344
right,right,0.9831834,0.009885061,0.0004996408,0.9831834,0.0064319205
right,right,0.9613614,0.014450639,0.00082182355,0.9613614,0.023366112
right,right,0.9781917,0.009986412,0.0007513199,0.9781917,0.011070545
right,right,0.98289156,0.009952223,0.0005002739,0.98289156,0.0066560013
right,right,0.983229,0.009831249,0.0005100971,0.983229,0.0064296587
right,right,0.9829056,0.009865423,0.00051813736,0.9829056,0.006710915
right,right,0.98306435,0.009621814,0.0005549699,0.98306435,0.006758825
right,right,0.8347225,0.009987863,0.0011737787,0.8347225,0.15411583
right,right,0.9803366,0.010425517,0.0006621343,0.9803366,0.0085756695
right,right,0.98366517,0.00868947,0.0004770231,0.98366517,0.007168307
right,right,0.9829776,0.0102338,0.0005270964,0.9829776,0.0062614637
right,right,0.9824024,0.010732601,0.0005152565,0.9824024,0.006349778
right,right,0.98251027,0.010715252,0.00050547294,0.98251027,0.006268958
right,right,0.9832235,0.0097480705,0.00047888514,0.9832235,0.006549599
right,right,0.98273647,0.010508541,0.00047843021,0.98273647,0.0062766178
right,right,0.98314697,0.00991728,0.0004930905,0.98314697,0.006442561
right,right,0.98226786,0.010967524,0.0005127452,0.98226786,0.006251861
right,right,0.983036,0.0096376855,0.00049673143,0.983036,0.00682954
right,right,0.982704,0.01042426,0.0005018196,0.982704,0.0063699167
right,right,0.9828652,0.010400196,0.00046619886,0.9828652,0.0062684636
right,right,0.9826529,0.010887753,0.00047770864,0.9826529,0.0059817033
right,right,0.98369265,0.008783311,0.00050530944,0.98369265,0.007018769
right,right,0.9833855,0.009362375,0.0005513302,0.9833855,0.0067007486
right,right,0.98259866,0.010798307,0.000567574,0.98259866,0.0060355137
right,right,0.98381823,0.00884198,0.0004935596,0.98381823,0.0068462533
right,right,0.9834468,0.009745918,0.0005233739,0.9834468,0.0062839882
right,right,0.9808579,0.009006133,0.000619576,0.9808579,0.009516347
right,right,0.9830104,0.009956474,0.00051834557,0.9830104,0.0065147523
right,right,0.9829441,0.009938413,0.0005122716,0.9829441,0.00660525
right,right,0.98369825,0.008470943,0.0005021364,0.98369825,0.007328631
right,right,0.9828283,0.010044423,0.000534503,0.9828283,0.006592748
right,right,0.98336595,0.009204271,0.00049937505,0.98336595,0.006930423
right,straight,0.504448,0.009054291,0.0027440095,0.48375365,0.504448
right,right,0.9789513,0.010357289,0.00065282645,0.9789513,0.010038677
right,right,0.98213416,0.010925456,0.00053037866,0.98213416,0.006409968
right,right,0.9821047,0.010763749,0.00056428084,0.9821047,0.006567269
right,right,0.9831602,0.009462121,0.0004994037,0.9831602,0.006878229
right,right,0.9828247,0.010147101,0.0005296746,0.9828247,0.0064985743
right,right,0.9828263,0.010089487,0.0004929997,0.9828263,0.0065911566
right,right,0.9619318,0.013806456,0.0013756865,0.9619318,0.022886084
right,right,0.8616853,0.012009708,0.0015339131,0.8616853,0.12477108
right,straight,0.94528025,0.0039395727,0.0016675562,0.049112592,0.94528025
right,right,0.9098271,0.01347944,0.0009184336,0.9098271,0.07577505
right,right,0.98021185,0.012381346,0.0005372485,0.98021185,0.006869489
right,right,0.98294526,0.010113439,0.00048957055,0.98294526,0.006451758
right,right,0.9826645,0.010337062,0.0005251576,0.9826645,0.0064733536
right,right,0.9827026,0.009340661,0.00053500786,0.9827026,0.0074217906
right,right,0.98151773,0.011533252,0.0005230601,0.98151773,0.006425913
right,right,0.98240155,0.010399885,0.0005621052,0.98240155,0.0066364645
right,right,0.5794846,0.006415355,0.0022040969,0.5794846,0.411896
right,right,0.97436506,0.014431052,0.0006085424,0.97436506,0.01059536
right,right,0.9834269,0.009494888,0.00047592234,0.9834269,0.0066022426
right,right,0.98323387,0.009874192,0.00050907204,0.98323387,0.006382892
right,right,0.98279864,0.010602494,0.0004983234,0.98279864,0.006100514
right,right,0.98229617,0.011123758,0.00050721766,0.98229617,0.006072856
right,right,0.9834003,0.009244738,0.0005025848,0.9834003,0.0068523637
right,right,0.9830837,0.01027267,0.000548188,0.9830837,0.0060954
right,right,0.983405,0.009555424,0.0005289474,0.983405,0.0065106764
right,right,0.9829086,0.010016063,0.00053309876,0.9829086,0.0065421364
right,right,0.9825302,0.010869774,0.00051746744,0.9825302,0.006082555
right,right,0.9830875,0.009975532,0.0004894593,0.9830875,0.006447444
right,right,0.76567036,0.010430435,0.0015111649,0.76567036,0.22238804
right,right,0.9784429,0.014023434,0.0005356592,0.9784429,0.0069979997
right,right,0.9823846,0.0106603075,0.00048261252,0.9823846,0.006472417
right,right,0.98270226,0.01052638,0.0005382274,0.98270226,0.0062331115
right,right,0.9827565,0.010420404,0.000521772,0.9827565,0.0063013546
right,right,0.98329216,0.0092077935,0.00048803876,0.98329216,0.0070119416
right,right,0.9826329,0.010309366,0.00051536434,0.9826329,0.0065423944
right,right,0.98360056,0.00861414,0.0005085353,0.98360056,0.0072767804
right,right,0.983488,0.009244356,0.00053243013,0.983488,0.0067351228
right,right,0.9839293,0.00850719,0.00052524963,0.9839293,0.0070383293
right,right,0.98219967,0.010709954,0.0005532225,0.98219967,0.006537044
right,straight,0.98308533,0.0015415578,0.0031608548,0.012212306,0.98308533
right,straight,0.9743069,0.0018340689,0.003234556,0.020624463,0.9743069
right,right,0.9271273,0.0094415,0.0010172445,0.9271273,0.06241394
right,right,0.98316276,0.009517519,0.0005015184,0.98316276,0.0068181846
right,right,0.9832507,0.009147644,0.000510718,0.9832507,0.00709102
right,right,0.98288167,0.009974328,0.0005510451,0.98288167,0.006592974
right,right,0.98338115,0.009635256,0.00049220986,0.98338115,0.0064913738
right,right,0.98351675,0.009481968,0.00048173574,0.98351675,0.006519653
right,right,0.9832949,0.009726082,0.0004586361,0.9832949,0.0065203737
right,right,0.98290884,0.010300482,0.00051546283,0.98290884,0.006275199
right,right,0.98241055,0.010756597,0.000506389,0.98241055,0.006326556
right,right,0.9841114,0.008207594,0.000507171,0.9841114,0.007173772
right,right,0.98194593,0.01076993,0.0005047673,0.98194593,0.006779392
right,right,0.98307264,0.009816504,0.0005570064,0.98307264,0.006553839
right,right,0.977188,0.011938443,0.00058970734,0.977188,0.0102838455
right,right,0.9828364,0.009912621,0.00053978106,0.9828364,0.006711281
right,right,0.9828335,0.009569253,0.00050118886,0.9828335,0.0070961374
right,right,0.98269695,0.010790761,0.0005526392,0.98269695,0.005959625
right,right,0.9835227,0.009326501,0.00049833587,0.9835227,0.0066524865
right,right,0.9830109,0.010288026,0.0004855351,0.9830109,0.006215522
right,right,0.98302346,0.009977275,0.00048823748,0.98302346,0.006511028
right,right,0.98277974,0.010661235,0.00051692355,0.98277974,0.006042164
right,right,0.98323524,0.009580563,0.00050648197,0.98323524,0.0066777053
right,right,0.98270917,0.01018797,0.0005183469,0.98270917,0.006584541
right,right,0.98304003,0.009908908,0.000513418,0.98304003,0.0065376163
right,right,0.98298925,0.009725335,0.00047444238,0.98298925,0.0068109934
right,right,0.98263377,0.010474681,0.00053125946,0.98263377,0.006360326
right,right,0.98325115,0.00931462,0.00050434284,0.98325115,0.006929954
right,right,0.9828909,0.01012084,0.00052656763,0.9828909,0.0064616413
right,right,0.98257875,0.010296807,0.00053719315,0.98257875,0.0065871784
right,right,0.98292506,0.009641148,0.0004902227,0.98292506,0.0069436496
right,right,0.96465635,0.010041965,0.0010074415,0.96465635,0.024294235
right,right,0.98283505,0.009305011,0.00050500873,0.98283505,0.0073548695
right,right,0.98311275,0.009893744,0.00052300957,0.98311275,0.0064704604
right,right,0.9830631,0.009424584,0.0004930976,0.9830631,0.0070192222
right,right,0.9827016,0.009942431,0.00052209897,0.9827016,0.006833916
right,right,0.9819303,0.0107205,0.00057910325,0.9819303,0.006770132
right,right,0.9821035,0.010327797,0.00052016525,0.9821035,0.0070484052
right,right,0.9751526,0.013243551,0.0005683096,0.9751526,0.01103541
right,right,0.9835211,0.009431736,0.00048491138,0.9835211,0.006562168
right,right,0.9830572,0.010038544,0.00053561013,0.9830572,0.006368713
right,right,0.98292875,0.010436305,0.0005629789,0.98292875,0.0060719526
right,right,0.98370117,0.009095371,0.0005484907,0.98370117,0.0066550104
right,right,0.9825477,0.010910675,0.00052922213,0.9825477,0.006012452
right,right,0.9833807,0.009634158,0.00045924028,0.9833807,0.0065260096
right,right,0.9839685,0.008892174,0.0004911593,0.9839685,0.0066480986
right,right,0.9840057,0.008520075,0.0005013817,0.9840057,0.006972842
right,right,0.9830372,0.009648848,0.00051734556,0.9830372,0.0067966054
right,right,0.98241353,0.01056661,0.0005455513,0.98241353,0.006474373
right,right,0.9829879,0.0095301755,0.0005162024,0.9829879,0.0069657424
right,right,0.98318017,0.010160467,0.00047321807,0.98318017,0.0061861407
right,right,0.98307127,0.009868901,0.0004931846,0.98307127,0.006566662
right,right,0.9827131,0.0102327,0.00052185694,0.9827131,0.0065322607
straight,straight,0.98446286,0.0015209962,0.0036527452,0.010363405,0.98446286
straight,straight,0.9812903,0.0015022561,0.0036539081,0.01355351,0.9812903
straight,straight,0.97561944,0.0017014446,0.0027411336,0.019938,0.97561944
straight,straight,0.9749621,0.0020161776,0.002409475,0.020612206,0.9749621
straight,straight,0.9844208,0.0010676461,0.0070018633,0.0075096935,0.9844208
straight,straight,0.97351414,0.001291329,0.005236154,0.019958302,0.97351414
straight,straight,0.9833054,0.0012123657,0.003692142,0.011790035,0.9833054
straight,straight,0.9714876,0.0024061187,0.0035001128,0.022606215,0.9714876
straight,straight,0.98490995,0.0013975215,0.004811544,0.008880951,0.98490995
straight,straight,0.96773964,0.0029669208,0.0032640956,0.026029317,0.96773964
straight,straight,0.98635316,0.0016514045,0.006077154,0.0059182793,0.98635316
straight,straight,0.9805531,0.0022252663,0.0053090835,0.011912561,0.9805531
straight,straight,0.98492426,0.00140668,0.0068332707,0.00683578,0.98492426
straight,straight,0.9840826,0.0012909868,0.0070763147,0.00755011,0.9840826
straight,straight,0.9798362,0.0018716844,0.0057683066,0.012523807,0.9798362
straight,straight,0.98567814,0.0015570301,0.006324595,0.006440212,0.98567814
straight,straight,0.9796276,0.002054299,0.00686454,0.011453591,0.9796276
straight,straight,0.98521346,0.0015534802,0.0053807395,0.007852279,0.98521346
straight,straight,0.97776186,0.0021428554,0.006839702,0.013255542,0.97776186
straight,straight,0.9787011,0.0023464006,0.0024732156,0.016479293,0.9787011
straight,straight,0.98562443,0.0016173999,0.0049171695,0.00784097,0.98562443
straight,straight,0.98466325,0.0019342977,0.003783783,0.009618649,0.98466325
straight,straight,0.9836676,0.0020154684,0.0032360805,0.011080908,0.9836676
straight,straight,0.9840008,0.0016837391,0.0046805292,0.009634962,0.9840008
straight,straight,0.98417294,0.0015558486,0.0038475946,0.010423558,0.98417294
straight,straight,0.9779188,0.0013191534,0.0037061244,0.017055871,0.9779188
straight,straight,0.9720641,0.0016578101,0.0054613017,0.020816756,0.9720641
straight,straight,0.9835465,0.002114593,0.0029950594,0.0113438405,0.9835465
straight,straight,0.9820587,0.0020300588,0.0055481317,0.010363114,0.9820587
straight,straight,0.985587,0.001636528,0.0040146876,0.008761724,0.985587
straight,straight,0.98425585,0.0020527323,0.0050812876,0.008610117,0.98425585
straight,straight,0.98671806,0.0020299905,0.004576439,0.0066755065,0.98671806
straight,straight,0.98153496,0.002922347,0.0022802094,0.0132624535,0.98153496
straight,straight,0.979707,0.002511253,0.0025105455,0.015271213,0.979707
straight,straight,0.9852308,0.0031249607,0.0025802364,0.009064009,0.9852308
straight,straight,0.97269905,0.003072276,0.0021791765,0.022049544,0.97269905
straight,straight,0.9735125,0.0032761318,0.0019982485,0.021213133,0.9735125
straight,straight,0.9835739,0.0013685393,0.003887983,0.011169522,0.9835739
straight,straight,0.9830351,0.00165039,0.004240839,0.0110736815,0.9830351
straight,straight,0.98257405,0.0014575953,0.003541984,0.012426332,0.98257405
straight,straight,0.97725576,0.001959328,0.0031855488,0.017599378,0.97725576
straight,straight,0.98117065,0.0014685626,0.0036534506,0.013707302,0.98117065
straight,straight,0.9732834,0.0022483806,0.0026980697,0.021770202,0.9732834
straight,straight,0.98074037,0.0011947275,0.0067608026,0.011304099,0.98074037
straight,straight,0.985365,0.0011905361,0.0049878275,0.008456694,0.985365
straight,straight,0.98181,0.0014395512,0.0048775803,0.011872885,0.98181
straight,straight,0.9644262,0.002041149,0.0024484596,0.031084137,0.9644262
straight,straight,0.9717451,0.0017890537,0.0035638178,0.02290205,0.9717451
straight,straight,0.97937506,0.0017418725,0.0022905217,0.016592566,0.97937506
straight,straight,0.98168266,0.0023057444,0.0020249388,0.013986669,0.98168266
straight,straight,0.9797937,0.0023994143,0.0034058255,0.01440101,0.9797937
straight,straight,0.9829457,0.0021485023,0.0024063997,0.012499368,0.9829457
straight,straight,0.984353,0.0023857194,0.0036988277,0.009562465,0.984353
straight,straight,0.9812734,0.0028559964,0.0018382416,0.014032331,0.9812734
straight,straight,0.98568904,0.002273411,0.0042416784,0.0077958247,0.98568904
straight,straight,0.98477215,0.002691886,0.002830747,0.0097052455,0.98477215
straight,straight,0.9862635,0.0015628589,0.004727006,0.0074466597,0.9862635
straight,straight,0.9788069,0.005193077,0.0033843922,0.012615592,0.9788069
straight,straight,0.9818372,0.001765832,0.0031176945,0.013279241,0.9818372
straight,straight,0.9819743,0.0030071817,0.0035205176,0.011497984,0.9819743
straight,straight,0.98260236,0.002172533,0.0027142072,0.012510872,0.98260236
straight,straight,0.9813359,0.0017934104,0.0030781664,0.013792543,0.9813359
straight,straight,0.97695345,0.002698153,0.002104077,0.018244335,0.97695345
straight,straight,0.9832433,0.0012624413,0.0046891896,0.010805027,0.9832433
straight,straight,0.97799647,0.0018278263,0.0034634315,0.01671229,0.97799647
straight,straight,0.98433036,0.0011481211,0.0046642763,0.009857196,0.98433036
straight,straight,0.9757528,0.0014178168,0.0055325436,0.017296882,0.9757528
straight,straight,0.975749,0.0037125887,0.0019119867,0.01862638,0.975749
straight,straight,0.9813628,0.0031882448,0.0020608653,0.013388046,0.9813628
straight,straight,0.9840443,0.0026745205,0.003034779,0.0102463765,0.9840443
straight,straight,0.9869474,0.0020655978,0.0037767335,0.0072102775,0.9869474
straight,straight,0.9859006,0.0024633883,0.0034431021,0.0081929555,0.9859006
straight,straight,0.9865187,0.0021956773,0.0039245,0.0073611797,0.9865187
straight,straight,0.9849125,0.00163398,0.0058973534,0.0075561637,0.9849125
straight,straight,0.97625035,0.0029476676,0.0036753302,0.01712662,0.97625035
straight,straight,0.98622185,0.0016632973,0.0055852253,0.006529656,0.98622185
straight,straight,0.9726983,0.0014564525,0.0028992402,0.022946076,0.9726983
straight,straight,0.9682837,0.0021354586,0.003595703,0.025985116,0.9682837
straight,straight,0.98356146,0.0020118589,0.003366082,0.011060534,0.98356146
straight,straight,0.98107773,0.0016934962,0.00375554,0.013473246,0.98107773
straight,straight,0.9773251,0.001881693,0.002327856,0.018465394,0.9773251
straight,straight,0.9722578,0.0021495002,0.002550338,0.023042433,0.9722578
straight,straight,0.98228204,0.0012728,0.004298641,0.012146521,0.98228204
straight,straight,0.97531587,0.0014812291,0.0067066746,0.01649624,0.97531587
straight,straight,0.98201144,0.0014793084,0.004742797,0.011766427,0.98201144
straight,straight,0.9844801,0.0015410861,0.0028593622,0.011119443,0.9844801
straight,straight,0.97668016,0.0017407096,0.0031140542,0.018465048,0.97668016
straight,straight,0.9733733,0.0015431102,0.003307609,0.021776011,0.9733733
straight,straight,0.9720366,0.0016407263,0.004564942,0.021757698,0.9720366
straight,straight,0.9828697,0.001544758,0.0032702605,0.012315327,0.9828697
straight,straight,0.9779549,0.002526194,0.004704486,0.014814375,0.9779549
straight,straight,0.9834795,0.0016618642,0.00480453,0.010054122,0.9834795
straight,straight,0.9847344,0.0014635389,0.0040071737,0.009794823,0.9847344
straight,straight,0.9775785,0.001761358,0.004131499,0.01652862,0.9775785
straight,straight,0.9783943,0.0016436204,0.0031190435,0.016843067,0.9783943
straight,straight,0.97273594,0.001297231,0.014101615,0.011865258,0.97273594
straight,straight,0.9862844,0.0013872223,0.0052493457,0.0070790886,0.9862844
straight,straight,0.9793513,0.0028658197,0.002427788,0.015355093,0.9793513
straight,straight,0.984435,0.0017275065,0.004986298,0.0088512115,0.984435
straight,straight,0.9842106,0.0019591767,0.003101388,0.010728781,0.9842106
straight,straight,0.98533833,0.0021839587,0.0041965866,0.008281103,0.98533833
straight,straight,0.9820723,0.003201988,0.00195045,0.012775235,0.9820723
straight,straight,0.9832909,0.0045142863,0.0022590123,0.009935845,0.9832909
straight,straight,0.9081789,0.007137367,0.0014119903,0.08327176,0.9081789
straight,straight,0.98365986,0.002524063,0.0036687516,0.010147283,0.98365986
straight,straight,0.9744342,0.0019681754,0.0028854588,0.0207122,0.9744342
straight,straight,0.9827727,0.0013891339,0.0061676516,0.009670487,0.9827727
straight,straight,0.978783,0.0013375869,0.004375001,0.015504336,0.978783
straight,straight,0.96130806,0.002016,0.0039113266,0.03276463,0.96130806
straight,straight,0.9863275,0.001703818,0.005333701,0.006634971,0.9863275
straight,straight,0.98305964,0.0021126908,0.0045951814,0.010232467,0.98305964
straight,straight,0.98357046,0.0019236641,0.0030074543,0.011498446,0.98357046
straight,straight,0.9807844,0.0019625921,0.0049202987,0.012332721,0.9807844
straight,straight,0.9761277,0.0028074442,0.0019911416,0.01907375,0.9761277
straight,straight,0.9870825,0.0022723929,0.004195208,0.0064499197,0.9870825
straight,straight,0.9833061,0.0031968318,0.0022328584,0.011264262,0.9833061
straight,straight,0.98317486,0.004040719,0.0023835143,0.010400968,0.98317486
straight,straight,0.98519856,0.0023103056,0.003327567,0.009163559,0.98519856
straight,straight,0.9850348,0.0030981249,0.0023963593,0.009470643,0.9850348
straight,straight,0.98475754,0.0018242145,0.0033452562,0.010072977,0.98475754
straight,straight,0.98468506,0.001561807,0.0042453893,0.009507751,0.98468506
straight,straight,0.9811584,0.0013597924,0.012648318,0.0048335013,0.9811584
straight,straight,0.9861972,0.0020674248,0.0045771715,0.0071582724,0.9861972
straight,straight,0.97808665,0.0022116567,0.0026744474,0.01702731,0.97808665
straight,straight,0.9826025,0.002205272,0.0026500425,0.012542173,0.9826025
straight,straight,0.97371596,0.00286453,0.0021680878,0.021251382,0.97371596
straight,straight,0.9855391,0.0017915985,0.0040253308,0.008643959,0.9855391
straight,straight,0.9714245,0.0017859129,0.0062701036,0.020519534,0.9714245
straight,straight,0.9829032,0.0016000177,0.00551227,0.009984483,0.9829032
straight,straight,0.97358423,0.0036378482,0.0028499225,0.019928,0.97358423
straight,straight,0.984513,0.0014225965,0.0048602065,0.009204186,0.984513
straight,straight,0.9742286,0.003422306,0.0028118398,0.019537224,0.9742286
straight,straight,0.9796678,0.0019173134,0.0031028148,0.015312061,0.9796678
straight,straight,0.9834698,0.0015616887,0.008047752,0.006920791,0.9834698
straight,straight,0.983278,0.0019117019,0.006555533,0.008254768,0.983278
straight,straight,0.98529655,0.0017657654,0.0036145304,0.009323139,0.98529655
straight,straight,0.97917354,0.0037905083,0.0031957414,0.0138402395,0.97917354
straight,straight,0.9777501,0.001898956,0.0033120147,0.017038941,0.9777501
straight,straight,0.9860335,0.0026053821,0.0035636611,0.0077974186,0.9860335
straight,straight,0.984294,0.0019058166,0.0044043106,0.009395849,0.984294
straight,straight,0.98514646,0.0018707768,0.0031927647,0.009789954,0.98514646
straight,straight,0.9864244,0.0019096893,0.005562781,0.006103213,0.9864244
straight,straight,0.9739319,0.005523383,0.0013804099,0.019164354,0.9739319
straight,straight,0.9853667,0.0033256046,0.0023758754,0.008931882,0.9853667
straight,straight,0.9836374,0.0038917435,0.002179249,0.010291658,0.9836374
straight,straight,0.98024416,0.0015139873,0.0047180946,0.013523724,0.98024416
straight,straight,0.97973937,0.0019073788,0.005592047,0.012761215,0.97973937
straight,straight,0.98368394,0.0014611565,0.0045680283,0.010286885,0.98368394
straight,straight,0.978741,0.0026822616,0.0033160513,0.015260718,0.978741
straight,straight,0.9816249,0.0018894238,0.0028162939,0.013669403,0.9816249
straight,straight,0.9853021,0.0021247733,0.0061209407,0.006452193,0.9853021
straight,straight,0.9843891,0.0014354904,0.0036722575,0.010503124,0.9843891
straight,straight,0.9709791,0.0014608894,0.005752712,0.021807332,0.9709791
straight,straight,0.97652423,0.0015694681,0.004616979,0.017289309,0.97652423
straight,straight,0.97583836,0.0017030099,0.0054237545,0.017034844,0.97583836
straight,straight,0.9853572,0.0014365178,0.005164887,0.008041449,0.9853572
straight,straight,0.98216623,0.0024787714,0.0045913314,0.010763638,0.98216623
straight,straight,0.98537976,0.0014309849,0.0058121383,0.0073770676,0.98537976
straight,straight,0.98803407,0.0027905253,0.0031013025,0.0060740416,0.98803407
straight,straight,0.9741707,0.0028473972,0.0021148277,0.020867158,0.9741707
straight,straight,0.84598255,0.01657825,0.0010030026,0.1364362,0.84598255
straight,straight,0.9860591,0.0014592095,0.006698123,0.0057835225,0.9860591
straight,straight,0.5996341,0.08220017,0.0008692541,0.3172964,0.5996341
straight,straight,0.9481375,0.003635409,0.0036869578,0.044540063,0.9481375
straight,straight,0.9777142,0.0016521694,0.0033747563,0.017258849,0.9777142
straight,straight,0.97384804,0.0016128574,0.006920757,0.017618325,0.97384804
straight,straight,0.9840224,0.0011835388,0.0061328406,0.00866123,0.9840224
straight,straight,0.9670253,0.0019178232,0.0031534906,0.027903378,0.9670253
straight,straight,0.976081,0.0018409858,0.0030147221,0.019063352,0.976081
straight,straight,0.9276898,0.0037520428,0.0018382565,0.06671989,0.9276898
straight,straight,0.98092777,0.0013292186,0.005993375,0.011749632,0.98092777
straight,straight,0.98296404,0.002469946,0.002393488,0.012172575,0.98296404
straight,straight,0.9798639,0.001391962,0.01326056,0.0054835873,0.9798639
straight,straight,0.9798436,0.002741971,0.0021893624,0.015225083,0.9798436
straight,straight,0.9857612,0.0017301802,0.006780968,0.0057277014,0.9857612
straight,straight,0.9254939,0.0039425422,0.002718799,0.06784479,0.9254939
straight,straight,0.9703391,0.0019829841,0.0025476315,0.025130238,0.9703391
straight,straight,0.96999925,0.0017416364,0.00548943,0.022769688,0.96999925
straight,straight,0.9777053,0.0014619168,0.0033202514,0.01751253,0.9777053
straight,straight,0.9599584,0.0016256666,0.003955226,0.034460753,0.9599584
straight,straight,0.97703826,0.001280417,0.0038081533,0.017873224,0.97703826
straight,straight,0.98779523,0.0016508988,0.0038799217,0.00667389,0.98779523
straight,straight,0.9841515,0.0017101449,0.009234545,0.0049037985,0.9841515
straight,straight,0.9837173,0.0018773426,0.0027734425,0.0116319675,0.9837173
straight,straight,0.9854682,0.0016708162,0.0071727913,0.0056881504,0.9854682
straight,straight,0.98397,0.0015312618,0.0037023902,0.010796335,0.98397
straight,straight,0.98667216,0.0017021328,0.005616181,0.006009536,0.98667216
straight,straight,0.9857572,0.0016390365,0.0035091615,0.009094602,0.9857572
straight,straight,0.9800805,0.0017080513,0.01418468,0.0040267822,0.9800805
straight,straight,0.9857416,0.0019764944,0.0037956997,0.008486221,0.9857416
straight,straight,0.988992,0.0018365991,0.0048556463,0.0043157698,0.988992
straight,straight,0.9723483,0.004116871,0.0019726844,0.02156222,0.9723483
straight,straight,0.9840096,0.0030569076,0.0017463266,0.011187196,0.9840096
straight,straight,0.9822872,0.0010486796,0.0057105813,0.010953524,0.9822872
straight,straight,0.9840905,0.0027552356,0.00228339,0.010870841,0.9840905
straight,straight,0.98601377,0.0019162275,0.0035998686,0.008470071,0.98601377
straight,straight,0.9831769,0.0024701578,0.0026321954,0.011720674,0.9831769
straight,straight,0.98417246,0.0016413357,0.0039691795,0.010217006,0.98417246
straight,straight,0.984387,0.0017065027,0.0032475044,0.010659028,0.984387
straight,straight,0.9839288,0.0016450385,0.0035268234,0.01089939,0.9839288
straight,straight,0.9819692,0.0018065766,0.004100675,0.012123636,0.9819692
straight,straight,0.98100513,0.0020839886,0.002442355,0.014468528,0.98100513
straight,straight,0.9833662,0.002241259,0.0047112056,0.009681412,0.9833662
straight,straight,0.9734162,0.0034572512,0.0016762924,0.021450272,0.9734162
straight,straight,0.9789236,0.0037268156,0.0024127895,0.014936812,0.9789236
straight,straight,0.980411,0.0022846141,0.0022017013,0.015102674,0.980411
straight,straight,0.98211414,0.0016483061,0.004688488,0.011549024,0.98211414
straight,straight,0.974068,0.0022188327,0.0024262336,0.021287015,0.974068
straight,straight,0.9828251,0.0021008013,0.003132108,0.011941923,0.9828251
straight,straight,0.98486716,0.0017343829,0.0038471099,0.009551396,0.98486716
straight,straight,0.9802816,0.0029561454,0.0030700802,0.013692139,0.9802816
straight,straight,0.978786,0.0027999554,0.0019309701,0.016483087,0.978786
straight,straight,0.98680204,0.001618707,0.004792538,0.0067867194,0.98680204
straight,straight,0.9848422,0.002663415,0.003183258,0.009311187,0.9848422
straight,straight,0.98716766,0.002108595,0.0030977023,0.0076260907,0.98716766
straight,straight,0.983575,0.0014560138,0.0052681603,0.009700826,0.983575
straight,straight,0.9851731,0.0015283737,0.004956601,0.008341948,0.9851731
straight,straight,0.98493123,0.0013835044,0.0047047627,0.008980473,0.98493123
straight,straight,0.98382854,0.0016241873,0.006622874,0.007924382,0.98382854
straight,straight,0.9843402,0.001732166,0.003288144,0.010639571,0.9843402
straight,straight,0.98574674,0.0019992862,0.0050080447,0.00724594,0.98574674
straight,straight,0.98517805,0.0021119306,0.0030817967,0.009628172,0.98517805
straight,straight,0.9817108,0.003118973,0.0026230859,0.012547132,0.9817108
straight,straight,0.9739619,0.001708191,0.005477655,0.018852262,0.9739619
straight,straight,0.97922623,0.0014488919,0.0040995996,0.015225338,0.97922623
straight,straight,0.98001456,0.0021438561,0.004807852,0.013033791,0.98001456
straight,straight,0.9841808,0.0016675995,0.004186779,0.009964812,0.9841808
straight,straight,0.98426986,0.0026991672,0.0038555663,0.009175458,0.98426986
straight,straight,0.9829822,0.0018781989,0.0028904309,0.012249182,0.9829822
straight,straight,0.98014474,0.002195693,0.0152593395,0.0024001994,0.98014474
straight,straight,0.97506297,0.0027470288,0.0036117986,0.018578198,0.97506297
straight,straight,0.98204833,0.0026060157,0.003087969,0.012257611,0.98204833
straight,straight,0.98063445,0.0013471249,0.012957782,0.0050606416,0.98063445
straight,straight,0.9502981,0.0037497587,0.0016279947,0.044324156,0.9502981
straight,straight,0.8292572,0.006781965,0.0023715026,0.16158931,0.8292572
straight,straight,0.9849523,0.0013098767,0.008648493,0.005089348,0.9849523
straight,straight,0.9752422,0.0019861753,0.003965146,0.018806469,0.9752422
straight,straight,0.86938655,0.007427376,0.0014226297,0.12176351,0.86938655
straight,straight,0.9762353,0.0025770767,0.0029323765,0.0182553,0.9762353
straight,straight,0.9747122,0.002223891,0.002401049,0.020662913,0.9747122
straight,straight,0.95770675,0.0036659066,0.0017075377,0.03691984,0.95770675
straight,straight,0.97643036,0.0032012574,0.002260624,0.018107709,0.97643036
straight,straight,0.98313546,0.0015902554,0.0041445266,0.011129834,0.98313546
straight,straight,0.9836421,0.0026036392,0.0024394866,0.011314737,0.9836421
straight,straight,0.9775392,0.0017329508,0.0028261212,0.017901769,0.9775392
straight,straight,0.9824767,0.0016373142,0.0039088163,0.011977219,0.9824767
straight,straight,0.984542,0.0010818033,0.0063625574,0.008013656,0.984542
straight,straight,0.97898465,0.002771415,0.0024045783,0.015839357,0.97898465
straight,straight,0.98443615,0.0021156522,0.003341995,0.010106144,0.98443615
straight,straight,0.95298886,0.0042612697,0.0016900452,0.041059818,0.95298886
straight,straight,0.986169,0.0019114821,0.0041726106,0.0077468725,0.986169
straight,straight,0.986568,0.0016290881,0.00484872,0.00695423,0.986568
straight,straight,0.98369217,0.0024945866,0.0032441493,0.0105690565,0.98369217
straight,straight,0.9748754,0.001788546,0.0025747805,0.020761274,0.9748754
straight,straight,0.97400135,0.0014965981,0.0049664327,0.019535644,0.97400135
straight,straight,0.98372114,0.0012373724,0.0047298335,0.010311687,0.98372114
straight,straight,0.9744931,0.0019402788,0.005137456,0.018429173,0.9744931
straight,straight,0.97567683,0.0014948496,0.0039452366,0.018883055,0.97567683
straight,straight,0.9592567,0.0026307052,0.00329178,0.03482076,0.9592567
straight,straight,0.9790455,0.0025804017,0.002882693,0.015491407,0.9790455
straight,straight,0.9829411,0.0015487276,0.0032553624,0.012254839,0.9829411
straight,straight,0.98183894,0.0015714036,0.0043447283,0.012244916,0.98183894
straight,straight,0.9877044,0.0016875268,0.003757667,0.00685038,0.9877044
straight,straight,0.9832601,0.0014006811,0.004443585,0.010895608,0.9832601
straight,straight,0.9849219,0.0016852958,0.0028260762,0.0105667645,0.9849219
straight,straight,0.9836188,0.0014900571,0.0050085224,0.0098825805,0.9836188
straight,straight,0.97638786,0.0024902457,0.0045911395,0.016530765,0.97638786
straight,straight,0.98490196,0.0013917073,0.0058309752,0.00787532,0.98490196
straight,straight,0.9760666,0.003780678,0.0040033306,0.016149385,0.9760666
straight,straight,0.9857589,0.0016568658,0.0042567076,0.008327489,0.9857589
straight,straight,0.98618305,0.003064422,0.0044102813,0.00634231,0.98618305
straight,straight,0.97498125,0.0021097825,0.005049046,0.017859895,0.97498125
straight,straight,0.9845711,0.0013568983,0.005070934,0.009001,0.9845711
straight,straight,0.978798,0.002108833,0.0056105885,0.013482611,0.978798
straight,straight,0.98534656,0.00129774,0.006449288,0.0069064517,0.98534656
straight,straight,0.98125297,0.0012501533,0.004068689,0.013428129,0.98125297
straight,straight,0.971211,0.003556978,0.0024755488,0.02275643,0.971211
straight,straight,0.9733916,0.0014612519,0.0031575174,0.021989688,0.9733916
straight,straight,0.9763204,0.0028573798,0.002631399,0.018190851,0.9763204
straight,straight,0.9808718,0.0018572297,0.0029001248,0.014370877,0.9808718
straight,straight,0.9808102,0.004345815,0.0020484664,0.01279544,0.9808102
straight,straight,0.9838028,0.0038161874,0.0030671763,0.009313857,0.9838028
straight,straight,0.9755411,0.015343077,0.003121374,0.0059943553,0.9755411
straight,straight,0.97084236,0.0016980383,0.004596938,0.022862686,0.97084236
straight,straight,0.9788663,0.0018481602,0.0031183823,0.016167175,0.9788663
straight,straight,0.96494573,0.005646704,0.0022362785,0.027171269,0.96494573
straight,straight,0.9705363,0.0028800403,0.0022081982,0.024375485,0.9705363
straight,straight,0.9514677,0.0014354385,0.044732273,0.0023645987,0.9514677
straight,straight,0.98587394,0.00231595,0.0035614572,0.008248706,0.98587394
straight,straight,0.94460475,0.011769223,0.00113032,0.042495724,0.94460475
straight,straight,0.9853077,0.0031448281,0.0022854698,0.009262034,0.9853077
straight,straight,0.9733383,0.0038132654,0.0028773579,0.01997107,0.9733383
straight,straight,0.9851328,0.0016457961,0.0035255246,0.009695841,0.9851328
straight,straight,0.9647866,0.0035526683,0.0023299411,0.029330809,0.9647866
straight,jump,0.994812,0.994812,0.0012953868,0.0010828333,0.0028097623
